cell_type_name	223	224	225	226	227	281	282	283	284	285	342	343	344	345	346	349	350	351	352	353	355	356	357	358	359	360	361	362	363	364	369	370	371	372	373	376	377	378	379	380	397	398	399	400	401	419	420	421	422	423	27	29	30	31	32	45	47	48	49	50	87	88	89	90	91	114	115	116	117	118	131	132	133	134	135	153	154	155	156	157	160	161	162	163	164	201	202	203	204	205	241	242	243	244	245	255	258	259	260	261	483	484	485	486	487	490	491	492	493	494	498	499	500	501	502	506	507	508	509	510	513	514	515	516	517	521	522	523	524	525	529	530	533	531	532	537	538	539	540	541	546	547	548	549	550	554	555	556	557	558	562	563	564	565	566	569	570	571	572	573	585	586	587	588	589	593	594	595	596	602	597	601	603	604	605	608	609	610	611	612	616	617	618	619	620	623	624	625	626	627	630	631	632	633	634	636	637	638	639	640	643	644	645	646	647	650	653	651	652	654	657	658	659	660	661	664	665	666	667	668	669	670	671	672	673	674	675	676	677	678	681	682	683	684	685	688	689	690	691	692	695	696	697	702	698	699	703	704	705	706	709	710	711	712	713	716	717	718	719	720	723	724	725	726	727
Monocytes	16.09476484	25.08320864	22.36751549	15.94548646	21.43391614	11.2437986	17.446749959999998	17.65820505	11.37896755	19.8894206	23.10327618	35.24105362	17.83941274	21.42441344	24.40373823	13.52458485	13.54508691	11.60448996	19.52584624	13.31339742	25.50478252	30.01879344	13.74365552	16.34777814	22.05854203	10.12923967	8.663055627	6.717597233	8.148074724	8.34345099	14.95975072	18.25265838	27.48283254	16.23806928	10.1860068	14.76098345	10.34712553	12.06380404	9.090461219	9.917689377	28.54903523	23.51264931	20.69588703	21.75376883	13.20348811	9.804275867	15.33438098	11.67526675	10.20127871	12.80037325	5.490837979	7.211965205	3.8606268	3.670204368	25.69715069	22.7930283	41.38050163	20.24533319	15.19059849	16.45197889	10.79051708	7.257094942	10.40593516	8.81058794	9.661559167	15.63736791	10.58548931	11.83847375	14.60209619	10.47369812	14.45741721	16.40148776	13.65766753	10.80036678	12.89981274	21.39916205	26.6055826	25.85343165	21.74061305	22.34588122	15.22664525	34.81216783	40.95570276	25.18706352	26.04237802	5.532066706	16.10850773	16.58135523	12.73721622	9.169503999	4.879023307	8.545243217	6.652784265	6.554719607	6.438920225	7.651832823	17.70306372	16.5295484	9.602433377	10.21802301	15.3	18.7	12.7	18.7	11.7	12.9	13.8	12.2	9.97	9.09	15.8	20.4	15.2	15.5	16.1	15.8	13.9	14.8	14.3	19.2	34.6	31.1	32.3	37	26.9	13.5	15.5	15.6	14.2	13.6	13.1	18.9	8.7	13.6	13.9	32.3	46.1	27.9	26.7	28	12.2	18.2	12.5	11.7	17.3	19.9	27.5	22.2	15.4	19.1	15.7	23.4	18.2	17.4	11.5	36.3	50	39.9	43.2	32.5	18	22.3	26.5	29	24.1	28.8	31	30.1	32.3	35.7	27.6	29	36.1	27	27.8	41.5	52.6	40.9	44	46.7	21.9	26.4	25.3	32.1	34.2	34.9	35.6	29.3	42.9	35.6	22.5	20.5	17.9	23	19.8	32.4	27.7	21.4	19.8	15.4	18.9	25.1	33	25	23.2	19.7	17	18.7	18.9	22.1	23.5	25.2	17.1	17.3	13.3	22.9	22.5	23.9	17.8	18.3	17.6	20.2	21.6	14.7	19.1	15.7	16.6	15.4	10.2	16.5	20.6	21.6	18	18.6	21.8	25.4	40.4	32.9	31.1	28.9	40.6	33	26.2	16.3	29.1	20.7	15	18.5	20.8	18.1	26.2	39.5	29.3	20.6	22.6	17.3	23.5	20.8	21	30.1	34.2	35	32.1	35.3	37.6
Classical_Monocytes	15.12965332	24.10430133	20.50518228	15.1496812	20.6030523	11.2437986	16.71763962	16.45599964	10.7656986	18.85601251	22.5185887	33.79091151	16.99042967	21.17314939	23.36634584	13.55053485	13.02992961	11.06861356	18.90953937	12.94886687	24.2718006	27.86979808	12.23952687	15.36477874	21.4424688	9.831072287	8.481471928	5.705608081	7.944643713	8.181344275	14.95975072	16.05493098	26.20544669	15.751701539999999	10.1860068	14.76098345	9.96500207	11.49171808	8.655875933	9.67189372	27.81183002	22.83540632	19.5031086	21.80883914	12.75716625	9.616262316	14.42716589	11.34985207	10.27212733	12.65163216	5.657937572	10.388717	1.003328928	5.777738795	24.2499478	22.7930283	41.38050163	19.56373333	14.95518597	16.13193238	10.3001688	7.021364544	9.376620148	8.366826994	9.18454563	14.26955064	9.458544391	8.157519014	12.06375117	9.266549334	13.67165491	15.08089149	11.69624656	9.850216364	12.11195839	17.48163254	24.16274045	22.04221926	19.6792271	19.50302732	14.57275327	32.8586545	35.74992499	23.796746980000002	23.65940673	5.532066706	15.76453265	15.23979017	11.33987321	8.64072226	4.879023307	8.545243217	6.18414833	6.554719607	6.438920225	6.441951017	16.38123117	14.33758835	8.68017677	9.410845073	13.1	16.1	10.3	15.8	9.74	1.26	1.62	2.55	1.66	1.33	12.7	16.5	10.3	12.3	12.5	10.3	9.01	8.01	9.95	12.7	28.6	26.2	27.4	30.2	22.2	9.35	11.6	10.2	10.4	10.2	10.9	16	5.95	10.4	11.2	28.6	41.7	23.3	23.4	23.3	9.19	14.1	9.13	8.42	13.2	16.4	24.1	18.8	11.9	15.7	12.3	20.2	13.4	14.8	9.31	32.3	44.9	35	37.6	29.3	14.3	18.9	21.4	22.9	19.2	22.6	25.2	24	27.3	30.6	21.2	23.4	27.7	22.2	22.5	32	43.4	30.7	33.6	37.8	16.4	20.8	19.9	27.1	28.2	28.2	29.8	26.2	38.6	29.2	18.6	16.3	14.4	20	16.9	26.2	22.7	16.6	16.1	11.5	15.1	21.2	27.9	20.4	18.8	16.9	14.2	15.9	15.5	19.1	18.1	21.1	13.6	13.8	10.4	18.1	17.4	18.1	14	14.6	14.1	17	17.3	11.5	15.7	11	11.8	10	6.49	10.2	17.6	18.5	15.5	16.3	18.3	21.1	35.2	26.9	24.9	23.2	38.6	29.3	21.3	13	26.8	17.1	11.9	14.4	15.5	12.3	21.6	33.8	22.6	16.2	18.1	13.8	20	16.6	17.5	24.3	27.1	29.4	26.7	29.1	31.3
Non-Classical_Monocytes	0.488212412	0.480794793	1.027210814	0.633706082	0.988479775	0.550932631	0.662849529	1.788370891	1.109257024	0.636601493	1.100856899	1.797176123	1.813480696	1.035192421	1.105655121	0.589806469	0.358164494	0.506350593	0.617910587	0.307688506	1.861865531	2.33537911	1.162578073	1.248678432	1.38606644	0.284081625	0.197518127	0.143279844	0.166548335	0.139685316	2.57592811	2.79150296	1.769165616	1.390642863	1.480762183	0.436606994	0	0	0	0.245795657	3.066498185	1.839552283	1.115650557	1.455023067	1.383104523	0.804081156	1.441104127	0.921276264	0.802687234	0.539003661	0.362428544	1.124432553	0	0.371546356	0.809050984	2.390009845	1.15607028	1.530888859	0.488089518	0.905632038	0.522824035	0	0	0.336138818	0.49383654	1.613306791	2.566930087	2.276297841	2.590843149	2.649707348	0.729636422	1.636903579	1.439372978	0.634186444	1.795977789	1.160404434	2.0923028869999998	1.752095175	1.788004899	1.840639573	1.759672034	3.449739065	5.178895576	3.701086354	2.622763386	0.87664473	1.151287824	1.553752688	1.268391125	1.438076059	0.638021246	0.458402698	0.65911106	1.456972496	1.158441308	2.008213718	2.538793838	3.528914909	3.052574749	2.567038252	0.5	0.47	0.5	0.56	0.52	1.36	2.68	1.85	1.64	0.98	0.41	0.63	0.77	0.59	0.5	2.24	1.8	2.51	1.5	2.52	2.25	1.54	1.61	2.41	1.93	2.4	1.98	2.86	2.06	1.63	0.29	0.57	0.064	0.47	0.51	0.94	0.82	1.05	0.52	0.95	1.28	1.34	1.21	1.11	1.51	1.2	1.32	0.75	0.88	0.93	1.18	0.82	0.77	0.62	0.49	0.91	1.26	0.8	1.31	0.29	1.44	0.95	1.66	2.79	2.05	2.64	1.74	1.5	1.14	2.01	2.23	2.06	2.62	1.99	2.29	6.09	4.73	5.59	6.6	2.59	2.97	2.92	2.21	2.09	1.79	1.88	1.25	0.76	0.87	2.01	1.72	1.71	1.36	1.03	1.15	1.71	1.41	1.54	1.15	0.92	1.34	0.81	1.67	1.8	1.79	0.82	0.7	0.68	0.84	0.66	2.75	1.63	1.22	0.99	1.11	1.73	1.59	2.22	1.25	0.9	1.32	1.03	1.47	0.93	0.93	1.88	1.92	1.55	1.32	2.38	0.76	0.81	0.43	0.62	1.17	0.78	0.94	1.55	1.27	0.88	0.41	0.88	1.13	1.32	0.5	0.84	0.96	1.25	2.41	2.21	1.61	1.94	2.03	2.16	1.72	1.36	1.03	1.65	1.41	2.29	3.68	2.17	2.28	1.75	2.36
Intermediate_Monocytes	0	0.832921911	1.862333207	0.527481524	0.253185657	0.524067847	0.736834737	1.202205408	0.613268953	1.033408088	0.584687481	1.450142114	0.848983068	0.251264047	1.037392389	0.200000371	0.7671347	0.860999635	0.616306874	0.663569187	1.232981917	3.537569816	1.853907783	0.982999403	1.065640184	0.298167386	0.181583699	0.247729647	0.203431011	0.162106715	0	0.658637489	0.604344215	0	0	0	0.382123459	0.572085966	0.434585285	0	0.737205208	1.527577135	2.033785428	0.735551514	0.44632186	1.55769e-4	0.308964198	0.365609058	0.206081108	0.368064399	0.272732033	0.390872664	0.044954096	0.238575564	1.907963651	0	0.789360667	0.681599858	0.235412521	0.320046513	0.490348276	0.235730398	0.749171545	0.443760946	0.477013537	0.8160953	1.126944916	1.491966944	1.617156338	1.207148781	0.7857623	1.320596268	1.852155107	0.519680558	0.787854352	0	1.159382565	2.429293188	1.743892459	1.9789857	0.527674958	1.953513322	5.205777771	1.390316534	2.304037238	0	0.34397508	0.518349629	0.654109036	0.52878174	0	0	0.468635935	0	0	0.811579845	1.321832547	2.332114658	0.813723089	0.807177936	0.39	0.77	0.73	0.76	0.39	0.42	0.47	0.36	0.1	0.2	0.62	1.43	2.3	0.91	1.14	1.41	1.35	2.05	0.97	1.48	1.47	1.14	1.4	2.36	0.96	0.62	0.55	1.2	0.36	0.47	0.29	0.54	0.04	0.85	0.4	0.67	1.46	1.3	0.59	0.57	0.55	0.88	0.71	0.59	0.65	0.56	0.69	0.66	0.59	0.66	0.93	0.8	2.16	0.21	0.33	0.57	1.14	1.12	0.7	0.25	1.16	0.96	1.97	1.59	1.18	1.18	1.56	1.59	0.85	1.2	1.26	1.26	3.59	0.61	1.04	2.1	2.16	2.53	1.29	1.1	0.88	1.28	1.61	0.61	1.23	1.47	1.09	0.41	0.64	1.07	0.61	1.01	0.55	0.44	0.55	1.82	1.46	1.1	0.95	0.79	0.36	0.3	0.71	0.44	0.37	0.54	0.63	0.58	0.96	0.72	1.25	1.03	0.77	0.89	0.65	0.84	0.89	1.1	0.51	0.43	0.61	0.59	1.06	0.29	0.35	0.91	1.11	1.71	0.84	2.02	0.67	0.75	0.71	0.58	0.98	0.87	1.28	1.69	1.41	0.65	0.29	0.77	0.91	0.1	0.29	0.39	0.16	0.63	0.62	0.56	0.97	1.54	1.8	0.62	0.81	0.41	0.41	0.74	0.59	1.32	0.93	0.81	0.66	0.82	0.82
Bcells	7.494916267	5.175721762	8.115112179	4.690705728	6.140168914	9.686322961	10.91432682	8.624679422	7.994863784	12.68609769	15.09123053	13.09928373	9.248751549	8.836612688	10.27800406	9.614475652	12.01555097	12.1042227	14.2063305	12.7820478	16.11167353	11.51066977	10.14176635	10.75863522	10.0833318	7.351865687	6.925744419	6.53970146	7.383566002	8.393338602	16.75892721	18.24649328	19.93411669	20.12253077	21.466215	23.15163021	15.7490686	12.85437983	14.65064479	16.73380862	11.3871555	19.44816368	18.16034346	14.37007818	17.22367314	13.03960435	8.380705111	7.270389659	8.830746985	10.22365661	7.237643395	9.663399356	13.20952872	10.26541531	12.99376938	13.68508836	6.744350786	5.51602592	6.488231381	6.469569337	5.831004714	5.525019782	6.894743065	4.932151894	7.114502243	13.25281487	10.91820097	11.24229734	10.53061857	10.67835084	17.01375519	15.69827356	13.41513685	9.806175639	14.25227575	6.659903679	4.856704063	6.346331097	5.147370376	5.14921902	12.82342225	8.731830925	7.276657158	11.17745463	7.780386322	8.697002006	12.41319858	13.43600087	12.72908084	15.11011007	11.25817874	10.49683348	9.20503906	8.85436288	9.464479666	18.14217911	21.40737793	16.77818308	15.27595343	13.63068636	9.11	8.64	7.74	11.9	8.13	13	15.4	11.1	11.8	10.9	9.88	8.35	8.48	11.1	7.77	8.07	7.98	8.04	8.11	8.91	6.06	8.65	7.65	8.45	8.44	7.64	6.48	6.8	7.25	7.56	7.92	7.48	11.5	6.18	7.54	7.63	8.8	8.92	11.6	10.3	21	22.9	22.8	21.9	18.2	8.03	8.82	14.9	13	7.91	8.75	12.2	9.23	10.1	10.5	6.92	7.61	8.07	9.41	7.34	8.21	9.55	10	10.3	12.6	9.95	12.9	14	16.5	10.4	11.3	6.49	6.84	8.93	10.7	8.39	9.86	11.1	9.92	13.3	18.3	19.3	17	23.5	27	9.81	14	12.7	12.9	13.4	14.3	14.5	13.2	19.7	11.6	9.94	10.9	10.4	9.02	8.9	8.49	11.7	8.8	9.96	11.2	10.2	10.9	8.2	11.3	11.3	13.3	10.3	13	14.6	16.9	8.54	8.93	8.84	8.84	9.78	7.32	7.86	6.9	10.6	9.01	12.3	17.3	16.8	15.3	20.1	14.6	13.5	15.3	14	12.2	6.4	7.2	7.59	7.88	9.87	11.6	10.2	11	13.3	13	13.9	14.7	14.8	17.3	16.7	13	13	15.2	14.2	13.5	18.9	18.1	16.7	19.1	19.3	12.3	14.6	12.8	15.3	15.8
CD3CD19	0.713898244	0.676758547	0.877825013	0.565275368	0.606386131	1.187232545	1.011533485	0.851060242	0.775876352	1.013666467	1.31402421	0.44204332	0.768587871	0.279082107	0.820409928	0.614644327	1.02558115	0.97520002	1.445586823	1.1232484	0.083781331	0.160488505	1.001272162	0.846193559	0.428589784	0.902390185	0.460493509	1.014698224	1.148203814	1.327795248	0.034238394	1.468191329	0.10580507	0.102358227	0.129659704	0.816871442	1.002270475	0.071941769	1.61786353	0.465559124	0.031141081	0.038758324	0.971782864	0.063466043	0.186294163	0.034269247	0.641432085	0.031676358	0.041163448	0.108465348	0.40613852	0.65082042	0.54332451	0.74028594	1.080138334	0.064517362	0.406486672	0.089648021	0.583378725	0.328121698	0.340460157	0.033304595	0.27377657	0.227362565	0.549189647	0.880457618	1.269373503	1.622401265	2.165781902	1.896553764	0.889747455	1.527229185	1.330530631	1.03213392	1.352598309	0	0.369107426	0.309155615	0.353915269	0.281860358	0.789033427	0.541619575	0.412329424	0.924484284	0.7428173	0.033224808	0.952520217	0.878303847	1.395885925	1.328626461	0.065958459	0.084112046	0.082511251	0.047489965	0.497831999	1.07999447	0.981924629	0.987292925	1.371974976	1.057190681	0.22	0.17	0.19	0.29	0.19	0.46	0.63	0.39	0.42	0.34	0.34	0.17	0.21	0.21	0.3	0.18	0.19	0.16	0.16	0.12	0.25	0.2	0.18	0.15	0.15	0.12	0.21	0.23	0.21	0.11	0.15	0.16	0.49	0.14	0.14	0.12	0.18	0.25	0.34	0.26	0.2	0.24	0.27	0.38	0.2	0.15	0.17	0.26	0.29	0.14	0.14	0.3	0.2	0.23	0.2	0.25	0.18	0.25	0.24	0.15	0.18	0.092	0.1	0.19	0.21	0.098	0.15	0.16	0.14	0.19	0.094	0.2	0.16	0.19	0.22	0.21	0.21	0.28	0.23	0.24	0.17	0.22	0.22	0.21	0.24	0.15	0.18	0.14	0.11	0.14	0.21	0.19	0.17	0.3	0.14	0.14	0.14	0.24	0.15	0.17	0.38	0.52	0.39	0.72	0.54	0.13	0.11	0.15	0.14	0.14	0.37	0.15	0.29	0.23	0.24	0.12	0.14	0.13	0.12	0.13	0.46	0.41	0.3	0.24	0.36	0.29	0.38	0.33	0.37	0.37	0.13	0.14	0.19	0.17	0.16	0.085	0.054	0.13	0.21	0.23	0.19	0.21	0.19	0.27	0.18	0.28	0.17	0.18	0.26	0.22	0.25	0.2	0.24	0.23	0.2	0.45	0.47	0.35	0.32	0.41	0.18	0.13	0.13	0.12	0.17
CD4Tcells	14.99940533	19.3439012	20.59469636	18.85686806	22.71632834	34.31805723	30.55202862	29.32068167	31.72867997	25.0036851	22.28850335	23.72412496	37.86271144	34.06978212	25.02174853	22.14721436	20.9101796	19.79331936	20.77096895	19.47973045	26.22250925	21.15610647	32.28286396	30.88417929	26.34457098	37.17175951	45.38514888	59.79465229	41.46327408	42.30413507	33.68099782	36.50274796	24.34344298	30.26662989	28.58038437	19.35700739	31.94517618	31.57522695	31.31701287	33.44618743	12.76919069	17.79344749	18.85677124	15.10377979	20.92615896	20.36808287	29.44151407	21.5558948	27.95011307	29.20097193	16.9656171	26.69346453	8.700555338	29.14270678	22.20986196	28.27724305	26.72923233	41.7063363	49.11315459	46.41401206	46.24226916	58.49822257	49.78125161	47.23659268	46.37450718	19.65017743	16.52266184	18.8230127	27.96908354	28.88113975	28.53370054	31.16779388	32.77509868	30.41226636	33.48022449	16.78937521	28.67497896	17.14650861	21.89631255	19.94668904	12.33923621	17.28765884	12.19786382	23.70466387	23.3235782	52.89784325	41.14557474	38.56746776	39.12536139	40.67777877	38.56709476	38.05982608	39.53617489	39.84592145	40.56316979	29.03485934	20.45188427	21.51942497	29.74792395	31.80705898	40.9	38.8	42.6	35.7	42.8	21.9	20.3	25	19.7	30.2	41.1	28.3	29.7	37.5	32.7	34.2	35.7	33.7	36.2	33	36.7	36.2	37.5	33.4	39.6	44.4	47.7	48.1	48.2	49.2	43.5	36.2	41.5	39.9	39.7	26.5	22.2	35.6	34.2	26.7	41.6	34.9	39.6	41.7	36.9	22.7	22.8	23.4	29.5	30.1	35.9	31.3	36.8	34.8	38.1	18.3	10.8	17.3	15.2	23.3	27.6	27.2	22.5	21.1	23.5	19.3	20.2	25.2	19.5	13.3	14.2	22	16	16	14.5	18.7	12.5	15	12.3	13.6	7.16	7.99	15.9	5.35	5.36	11.2	10.5	16.9	6.58	8.81	30.6	33.2	30.4	27.2	36.8	28.7	35.4	37.1	41.3	44.6	26.2	26.9	20.8	27.1	25.2	30.3	31	32	30.1	28.5	24.4	25.3	28.3	28.5	27.3	28.2	26.3	26.6	30.3	31.1	26.2	27	28.9	25.4	27.7	28.6	22.8	24.4	27.4	21.1	33.5	31.9	36.1	33.3	29.1	11.8	10.7	9.77	12.7	18	13.2	17.3	18.2	29.4	22.5	26.5	33.7	26.7	23.3	22.8	28.9	21.1	23.6	29.4	25.3	30.4	30.5	31.3	26.4	17.1	16.8	16.6	18.8	15.1	14.9
CD8Tcells	18.5132003	16.87809991	18.31003277	17.63114213	17.02826345	21.0442628	19.36324444	17.793603739999998	20.95292196	18.44170168	13.87922211	11.65434213	18.72914405	16.38973101	14.79289866	19.0927138	20.18785491	13.17835114	19.18778356	13.96996433	15.14015918	14.04468248	25.95092121	23.32162508	21.9215349	23.80944332	25.038833	19.88489451	26.67147678	23.37621426	12.38292833	3.435369912	8.254312902	12.09870922	9.831070334	29.06358686	32.35003575	32.44699192	33.81031718	30.81823059	15.03874669	13.43460414	14.69812687	14.86941079	17.66329196	15.48549398	4.63200328	18.01306716	21.62967673	22.79885792	9.595250183	13.05508356	12.31897257	13.20164898	13.74807651	16.51333837	11.13298057	15.05659127	17.60936511	14.99467711	23.20339461	21.20345328	19.91868563	22.11822276	19.44033668	25.25080059	26.69618639	12.68224979	17.25599053	27.01008542	24.50721261	20.76925726	22.18407485	21.49977867	22.40669683	9.512780235	16.06198645	10.16735795	13.71867872	11.11976879	5.347436775	10.41420087	7.337074213	11.14583648	10.35925759	12.41504866	10.61119764	10.04255418	9.767801613	11.4126816	26.67026056	25.30325652	24.16404915	26.43374904	23.86701037	16.05649379	14.17552436	14.95741536	14.72048445	14.5619148	18.7	18.3	20.7	16.7	20.5	24	21.8	25.2	23.8	23.8	11.2	8.25	8.62	10.2	9.26	26.6	27.1	25.6	26.4	23.8	7.58	8.95	8.51	7.73	9.14	11.7	11.7	11.1	12.3	12.5	20.4	16.2	19.4	18.1	18.1	11	8.41	13.9	13.4	10.6	10.4	9.15	10.4	10.6	10.2	14.2	12.7	13.2	15	14.3	20.5	18.3	22	20.7	23.3	10.3	5.95	9.38	6.97	12	25.5	24.9	23.7	20.8	22.8	11.2	10.7	11.1	10.8	17.3	8.75	18.2	18.4	21.3	21.6	8.95	5.15	7.66	7	6.54	7.14	6.86	8.33	5.78	4.6	18	14	18.1	15.9	14.2	11.1	12.6	12.3	10.6	13.1	11.4	13	13.8	16	15.5	21.9	20.7	19.6	21.9	22.8	21.8	22.1	22.3	21.6	18.1	18.1	19.2	23.3	20.3	22.6	22.2	21.2	20	23.8	23.9	16.4	16.5	16.5	23	16	25.7	24.1	24.3	26.6	20.7	13.7	13.5	15.8	15.1	13.4	9.7	7.53	8.55	11.2	12.2	12.2	15.4	16.2	15.3	17.3	19.7	15.8	14.3	14	15.3	12.8	10	11.2	14.1	12.9	13.4	11.2	12.7	12.8	10.8	9.15	7.58	8.88	7.32	7.34
TemraCD4	0.0565665	0.649566677	0.598863905	0.662961782	0.566935842	0.381152649	0.047191217	0.626520073	0.349120689	0.233214357	0.523105814	0.679266568	1.169217817	1.028881843	0.952283973	0.303058949	0.246297258	0.323426351	0.353618698	0.270617601	0.287474691	0.212744183	0.123820246	0.709647803	0.049034132	0.280362984	0	3.729490062	0.14995113	0.111658567	3.641150972	5.243797338	1.575350591	1.812205886	3.585453558	1.79532185	2.675334613	2.557459374	4.062051195	2.625511835	0	0	0.073143417	0	6.32363e-4	0.090346197	0.798852145	0	0.066230932	0.166685719	0.284570151	1.150744338	1.980692991	1.025874923	0.224590167	0.241820632	0.150867568	0.471606624	0.942051582	0.754626072	1.133082806	0.958510978	1.461051266	2.112336727	2.280330925	0	0.084927537	0.913571008	0.874301027	0.654704713	0.117690311	0.357104066	0.231801729	0.504322767	0.379652981	0.172611453	0.111061943	0.157244781	0.314881564	0.220240675	0.657575075	0.507593216	0.532891995	0.681868569	0.76434477	2.505885829	3.189463446	3.090006701	2.912466927	3.060410247	1.743671053	0.425171285	1.679034031	1.666443738	2.168568098	1.212761791	0.86312738	1.159743126	3.075951199	1.708030996	0.1	0.13	0.13	0.14	0.11	5.36	5.59	4.66	3.75	4.22	0.035	0.039	0.033	0.038	0.037	1.25	1.15	1.62	0.99	0.97	0.18	0.3	0.38	0.2	0.36	0.14	0.16	0.21	0.17	0.19	0.52	1.04	0.85	1.22	1.03	NA	NA	NA	NA	NA	0.092	0.11	0.12	0.092	0.079	0.1	0.17	0.18	0.18	0.14	0.29	0.26	0.37	0.35	0.31	0.027	0.023	0.069	0.067	0.034	0.13	0.074	0.1	0.11	0.087	0.13	0.081	0.11	0.12	0.56	0.088	0.61	0.85	0.81	0.79	0.072	0.065	0.11	0.063	0.066	0.1	0.1	0.16	0.087	0.082	0.26	0.19	0.25	0.13	0.22	0.34	0.28	0.27	0.28	0.25	0.84	0.56	0.95	0.65	0.68	1.39	0.93	0.92	0.96	0.93	0.096	0.11	0.11	0.083	0.094	0.081	0.081	0.075	0.078	0.077	0.039	0.051	0.045	0.053	0.054	0.11	0.11	0.095	0.059	0.087	0.094	0.11	0.073	0.099	0.082	0.3	0.29	0.3	0.26	0.27	0.28	0.28	0.28	0.35	0.38	0.1	0.12	0.15	0.22	0.12	0.16	0.2	0.24	0.23	0.28	0.16	0.13	0.15	0.17	0.18	0.12	0.068	0.09	0.087	0.081	0.085	0.048	0.071	0.04	0.056
NaiveCD4	7.099821018	8.894323887	9.216722405	9.602524277	10.76122389	21.39718697	20.7572561	18.81788756	19.176193520000002	15.87476442	7.351903703	10.88106634	17.84761133	10.89759606	10.95497425	11.40484042	12.06903897	11.77214223	10.54794059	9.931707156	11.6445577	10.67085746	15.99684441	12.25062518	10.42158865	22.95618427	33.16183762	41.41329312	28.68342677	29.94927158	12.85613359	15.19734079	10.61113119	12.69175551	11.10422817	8.992270566	16.3032025	14.86968979	15.30080587	18.35111241	5.815297457	10.33819574	11.2309297	8.095193372	13.06373587	7.747342186	14.40953813	9.829120688	14.45866108	14.58287364	7.88350381	12.96441886	1.75824772	13.61143759	11.90275246	9.122755035	12.22724586	21.14089706	25.80437072	25.88244953	21.39438776	35.97935587	27.69266685	24.07763797	23.21818621	8.777509383	7.867618965	9.645637947	12.70227813	14.17558599	9.883158103	10.77391975	11.67549452	9.734807079	10.95933411	1.402371014	7.886786232	5.473057163	6.876316843	7.770838385	1.580475035	5.06765908	3.536502083	7.431271478	8.147788471	29.66131121	24.58053064	19.90558493	19.38212377	21.27581568	20.41076053	19.7747578	20.32573764	19.72576079	18.83679448	14.69944474	9.964474507	10.58612366	11.70993165	14.90305368	30	29	30.7	26.8	30.7	6.07	6.16	9	6.88	14.4	22	15.7	16.5	19.7	15.8	7.34	8.49	7.95	8.88	7.05	20.1	17.9	20.2	16.9	19.7	24.7	25.7	27.4	26.3	26.6	19.9	15.3	16.5	16.6	16.8	NA	NA	NA	NA	NA	27.1	21.8	25.8	29.1	24.2	14.2	12.8	14.1	17.8	18.2	24.1	22.9	27	23.8	26.6	9.12	5.77	9.01	7.49	12.6	16.9	19.5	15.8	12.4	15	10.2	13.3	15.5	12	8.38	8.69	14.5	8.82	9.13	8.09	10.3	7.43	7.53	6.31	7.46	3.5	4.29	8.83	2.7	2.44	6.66	7.13	10.9	4.33	5.03	14.9	18.8	14.2	12.8	20.5	20	27.7	26.4	31.1	33.1	9.64	10.1	7.22	8.2	7.93	17.2	17	18.2	17.7	13.5	13.4	14.9	18.3	17.4	17.3	20.5	18.8	19.1	21.8	22	18.7	19.7	21.6	19	18.9	18.5	14.6	15.8	18.3	12.7	17.6	17.6	20.7	18.9	16.6	5.32	4.89	3.88	4.55	7.69	8.3	10.7	11.6	21.6	14.2	17.4	25.2	18.6	16.1	13.7	21.4	15.1	17.9	20.5	16.8	22.9	25.4	24.5	20.6	13.7	10.9	11.6	13.1	10.1	9.96
TemCD4	2.087738993	3.019968555	3.435139708	1.921333558	3.38087124	4.880799452	3.823454156	3.711779083	5.022840777	2.999147162	8.073119771	5.804568848	7.508935859	11.08948915	6.651530694	5.249499999	4.030849481	3.907757311	4.975679694	4.981093839	5.414019409	2.847236652	2.35114795	3.90247772	4.209068955	4.27993027	1.997993867	6.978571235	2.918111238	3.084848179	6.904657571	10.20117471	5.191621673	6.492103794	6.001551452	4.5373894870000004	4.21668611	5.658948992	3.456826617	4.51982114	2.89612054	2.813648803	3.125956094	2.634409979	2.488854601	5.845087426	6.222055206	5.267592024	6.235206886	7.765108718	3.31763265	5.171692323	4.480683302	6.705376721	3.344287953	9.237452568	6.029631531	7.24759195	7.847173243	6.976152632	10.02073452	4.258264146	9.317195776	7.548264052	7.661792518	3.999748216	1.844573149	2.403016841	4.479173068	4.702280886	6.370069679	4.466582424	4.237792999	5.129276467	4.840913765	10.62660287	8.617886179	5.060636319	5.627673591	5.356141892	7.077785663	5.60460837	4.137006871	7.78159043	7.153697762	5.980056945	5.045704647	7.109257836	8.885901868	7.762294883	7.649067174	7.647041053	7.38000207	7.236145386	9.738847344	5.63094717	4.056442903	4.20029066	6.995402632	6.890750591	2.1	2.35	2.44	2.02	2.45	6.5	5.4	6.08	4.73	5.67	2.53	1.81	2.22	2.63	2.62	6.2	6.17	7.02	5.56	5.63	2.55	3.1	2.69	2.85	3.2	2.52	3.17	2.71	3.18	3.29	6.38	7.03	8.58	8.07	7.5	NA	NA	NA	NA	NA	2.76	2.77	3.19	2.42	2.41	3.02	3.62	3.77	4	4.01	2.76	2.07	3.03	3.18	3.28	2.32	1.16	1.83	1.85	1.9	2.56	1.3	1.57	2.38	1.92	2.51	1.27	1.95	1.94	2.37	1.31	2.93	3.37	3.4	3.21	1.66	1.08	1.93	1.56	1.49	1.35	1.23	2.23	1.05	1.16	2.01	1.4	1.99	0.86	1.47	6.6	5.4	6.42	6.17	5.32	4.32	3.54	5.22	4.1	4.82	3.94	3.46	3.16	4.36	4.3	4.55	4.84	4.39	3.95	5.15	3.52	2.97	2.42	2.83	2.77	1.15	1.19	1.18	1.24	1.42	1.69	1.56	1.49	1.03	2.07	2.88	2.65	2.17	2.53	2.43	2.89	2.57	2.61	2.68	2.44	2.82	2.67	2.68	3.72	4.65	2.01	2.35	2.59	1.78	2.81	3.74	1.55	2.03	1.36	2.03	2.29	1.89	1.94	2.89	2.76	2.64	1.37	1.73	1.66	0.91	2.47	1.59	1.98	1.53	1.62
TcmCD4	5.59602236	6.60382661	7.275587455	6.484971611	7.95099274	7.617734576	5.924127144	5.993198746	7.031764065	5.624914453	6.180160214	6.069394801	10.72817001	10.68033186	6.380994046	5.027627484	3.992508524	3.548187302	4.890041424	4.114664426	8.825665014	7.146622919	13.5660231	13.4580798	11.53652518	9.138503596	9.934485427	7.581490411	9.264236713	8.715534106	9.990456687	5.597648017	6.515633492	9.045742164	7.556165719	3.843134708	8.644582847	8.395244006	8.207406611	7.559978311	3.856852834	4.50712331	4.228514833	4.185201313	5.29679961	6.507574282	7.818119705	6.189267571	7.01678466	6.569996039	5.189421275	7.318480383	0.299564798	7.800017542	6.344847673	9.329210594	7.896934631	12.77797377	14.20986912	12.80078383	13.25760415	17.30209158	10.80401782	12.76981271	12.84680485	6.710361704	6.603919907	5.84698714	9.675152752	9.055850347	11.44445822	15.39547686	16.3687031	14.82907682	16.6460108	4.263528778	11.81299945	6.123372079	8.362209569	6.506641012	2.80453928	5.85466875	3.991462867	7.288548941	6.792275466	14.30831805	7.64175582	8.108756207	7.6476238	8.08444333	8.063844406	9.273313267	9.429497632	11.07620605	9.72835473	7.293850655	5.48485193	5.2550731	7.065531981	8.299700919	8.73	7.34	9.37	6.69	9.56	3.99	3.17	5.28	4.36	5.95	16.5	10.7	10.9	15.1	14.2	19.4	19.8	17.1	20.8	19.4	13.9	14.9	14.3	13.4	16.4	17	18.6	17.8	18.5	19.1	16.7	12.8	15.6	14.1	14.4	NA	NA	NA	NA	NA	11.6	10.2	10.5	10.1	10.3	5.34	6.26	5.38	7.53	7.79	8.73	6.08	6.42	7.38	7.9	6.82	3.88	6.4	5.76	8.71	8.06	6.32	5	6.21	6.47	6.44	5.56	7.59	5.42	1.99	4.08	4.03	3.01	2.63	2.42	6.61	3.96	5.45	4.35	4.57	2.2	2.36	4.65	1.51	1.68	2.23	1.76	3.77	1.26	2.08	8.73	8.69	9.44	7.9	10.7	3.51	3.58	4.46	5.41	5.99	11.2	12.4	9.54	13.6	12	8.47	9.07	9.4	8.34	9.78	7.4	7.44	7.45	8.13	7.17	6.5	6.23	6.29	7.14	7.59	5.7	5.71	5.72	5.28	6.7	7.15	5.48	6.32	6.51	5.88	12.7	11.5	12.5	11.5	9.88	3.41	2.82	2.94	4.14	5.32	2.77	4.09	3.92	5.75	5.3	5.13	6.72	5.77	5.59	6.79	5.05	3.91	3.66	5.87	5.56	4.78	3.62	4.98	4.04	2.42	3.33	3.31	3.71	3.46	3.31
TemraCD8	3.947181393	3.475394396	5.042137655	3.707437979	3.640539339	2.63383981	2.273385602	2.603172232	2.750715993	1.924150057	2.691998613	2.465841652	3.151198035	3.540234444	4.571465926	3.49917238	3.133229303	3.387152881	2.640192574	2.743452866	1.505620331	1.024180268	0.723721504	1.003546288	0.954461188	0.791619761	0.423466025	0.580042563	0.558426769	0.468495132	1.501251362	1.486172851	1.159993268	1.539361391	1.603538947	12.60010352	11.32023106	12.53761661	11.35803796	9.388991404	4.362446252	2.425625125	2.530562991	3.699814155	2.790112371	0.783831146	0.086225745	0.582285995	0.537235769	1.090900874	0.277285155	0.201935026	4.325669177	0.650820103	0.248277411	6.991053592	2.750639048	3.2099184	3.618313194	3.88295288	5.277132426	1.823721848	4.753646564	4.513204629	3.467437992	3.823184597	4.524613854	2.70647899	1.893138908	3.706225412	7.842395052	5.171253653	5.807889729	5.553648379	6.393215496	1.12339778	1.773173335	1.724358646	1.841113955	1.926708356	1.158335069	3.157512686	3.568136181	3.030554968	3.357926474	0.932337134	1.483700716	1.832435284	1.409242523	1.696603558	1.759103641	1.9147018	1.582817521	1.964636542	1.867827093	7.159643343	6.696981754	7.33213536	6.212569851	6.451900692	2.44	2.66	2.68	2.43	2.2	15.1	14.4	15.3	13.2	15	0.66	0.7	0.87	0.61	0.8	2.47	2.14	2.85	1.81	1.82	0.72	0.88	0.72	0.65	0.81	1.09	0.97	0.89	1.04	1	0.9	1.23	1.26	1.47	1.37	NA	NA	NA	NA	NA	0.86	0.91	1	0.87	1.18	3.02	2.25	2.51	2.75	2.1	2.19	1.4	2.3	2.39	2.4	0.82	0.58	0.64	0.58	0.51	4.83	3.23	4.63	4.82	4.13	1.76	1.32	1.28	1.37	9.48	1.4	8.9	10.1	11.4	11.6	0.65	0.36	0.74	0.74	0.57	1.28	1.07	0.96	1.07	0.85	9.73	7.07	7.18	8.62	7.39	2.52	2.29	3.01	2.29	2.02	1.86	1.18	1.77	1.45	1.27	5.74	4.18	4.75	4.95	5.02	2.63	2.35	2.69	2.22	2.29	1	0.92	0.88	0.8	0.98	0.84	0.89	0.92	0.87	0.8	1.37	1.13	1.07	0.79	1.15	2.06	1.99	1.51	1.78	1.65	1.62	1.66	1.45	1.65	1.87	3.94	2.97	3.42	4.28	3.42	2.48	2.9	3.88	4.07	2.36	2.99	2.32	2.92	2.01	1	1.89	1.52	1.87	2.11	2.39	5.9	3.68	4.2	4.62	3.92	1.99	0.95	1.1	0.69	0.75
NaiveCD8	9.146367996	8.286836249	8.968430877	9.404765791	9.344717736	13.0564215	12.73028349	11.01897148	12.20620606	10.24024237	6.940118595	6.560842963	11.96175293	8.527651924	6.446993925	11.86990152	12.63594867	7.152880887	12.34313683	7.599741327	8.318438875	9.565890223	18.52523295	15.80809729	13.41175298	19.00800184	21.89631158	17.79228637	22.00051636	20.54607317	7.502807421	0.247631255	4.791990266	6.963184271	5.336696673	5.892857484	14.33143291	12.1042419	15.14449849	14.50899117	7.768352277	9.069301058	10.01950965	8.496338607	12.87035925	10.88920908	3.658923203	13.68525146	17.41438135	18.21446896	6.639818421	9.693198245	4.191581958	9.591439347	9.962153048	2.291561129	4.111616644	5.720826594	7.465882583	6.296222025	9.956496758	14.13437578	9.340844251	11.14336248	9.401073959	11.53454557	12.84751251	4.82606988	7.069348302	14.71409738	10.31889506	10.68649813	10.92771513	10.33805209	10.91427907	5.011166693	8.914803342	5.002816324	7.59836784	6.395924355	1.153518707	3.200879615	1.440233957	3.981240741	3.688014342	8.667453713	7.399119913	5.734121249	6.109550818	7.163152688	16.54901961	15.20186096	15.29367013	16.05283535	14.2485445	4.99015045	3.70601944	4.032394967	5.40608233	5.570377419	13.4	13	15.1	11.9	15.2	1.95	1.54	3.15	2.25	2.38	7.43	4.91	5.11	6.67	5.08	11	12.2	10.5	12	9.88	4.67	5.01	5.14	4.55	5.28	8.01	7.75	7.81	8.39	8.74	16.3	12.1	14.6	13.3	13.6	NA	NA	NA	NA	NA	7.09	5.73	6.49	7.41	6.46	5.73	5.63	5.54	6.64	7.5	16	15.1	17.8	16	18.3	5.18	2.64	4.92	3.4	7.58	17	19.1	15.7	12.6	15.5	4.4	4.86	5.27	4.39	4.14	2.99	5.78	4.09	5.36	5.55	4.81	2.77	3.12	2.81	3.05	2	2.39	4.43	1.72	1.35	3.6	3.06	5.93	2.87	2.34	5.67	7.68	6.35	5.57	8.46	8.4	10.9	10.6	13.2	13	14.4	14.5	12.9	14.4	15.1	13.9	14.1	14.2	14	9.86	13.6	14.3	18.3	15.9	17.6	19.8	18.9	17.7	21.5	21.7	12.5	13	13.3	20.5	12.2	20.4	18.9	19.8	21.7	16.1	9.56	9.55	12.1	11	9.31	4.06	3.07	3.4	4.43	6.62	7.67	9.7	9.51	9.75	12.1	13.2	11.7	9.64	10.3	12.2	8.8	6.77	7.48	9.35	8.03	6.15	6.51	7.35	7.01	5.76	4.91	5.19	6.05	5.31	4.98
TemCD8	4.043779571	3.781188999	3.096306884	3.45342819	2.830048896	4.405006396	3.398129731	3.550963029	5.269947218	5.234820009	3.489176684	2.09040486	2.578397554	3.376416982	3.3986795	2.786474118	3.375739799	1.785123406	2.856052332	2.670546755	4.081896251	1.769250092	2.238037893	2.302421541	3.082988303	2.688239291	1.771472788	0.810915757	2.651518644	1.377010219	2.384934085	1.274247762	1.541001879	2.384149097	1.839233129	5.842435679	1.456051882	2.154021216	1.838963086	1.790036718	2.380945252	1.241147246	1.533308004	2.049554742	1.084755623	2.810857121	0.55752938	2.750652493	2.588151788	2.213038705	0.801121889	0.36392686	3.486655221	1.154986405	0.740796628	5.706680175	2.635111257	3.645482549	3.842617562	2.275048889	5.449503763	1.566024589	4.303719177	3.143835676	3.485617689	8.272682209	7.336679995	4.31640739	7.150833959	6.574123851	4.547718962	2.654968065	2.96725977	3.369454256	2.905576542	2.694757218	4.185126376	2.750610204	3.144752651	2.037623786	2.794198267	3.301224015	1.926421532	3.130322178	2.701817038	1.489533505	0.99196768	1.827380111	1.607284446	1.608450803	6.88230009	6.606532119	5.897736395	6.924208715	6.833244004	2.680978273	2.763883363	2.612009821	1.938853886	1.862669295	1.78	1.78	1.87	1.49	2.08	6.56	5.66	6.19	7.93	6.13	2.35	2.09	2.08	2.14	2.55	5.02	4.66	5.41	4.46	4.32	1.25	1.69	1.34	1.34	1.51	1.6	1.8	1.4	1.71	1.65	1.93	1.88	2.32	2.27	2	NA	NA	NA	NA	NA	1.32	1.44	1.66	1.32	1.51	4.76	3.78	4.08	4.13	3.4	1.59	1.26	1.55	1.76	2.01	3.28	2.08	2.75	2	2.73	2.49	1.67	2.37	2.22	1.95	3.77	2.74	2.95	3.16	2.54	2.95	2.38	2.95	2.96	2.74	2.28	1.26	2.4	2.34	1.88	3.51	3	2.36	2.65	2.05	3.76	3.15	3.77	3.55	3.49	2.24	2.05	2.31	1.93	1.94	0.95	0.8	1.22	0.96	0.98	1.21	1.33	1.31	1.62	1.73	4.45	3.91	3.75	3.84	3.9	2.51	2.95	3.1	2.57	2.98	1.08	1.01	1.04	0.99	0.95	1.93	1.74	1.67	1.29	2.22	2.5	2.47	2.18	2.4	2.15	1.41	1.32	1.18	1.41	1.47	1.27	1.08	1.31	1.9	1.55	1.34	1.73	1.94	0.81	1.55	1.93	0.63	0.77	0.52	0.35	1.39	1.15	1.33	1.7	1.67	0.91	0.62	0.64	0.67	0.54	1.8	0.99	1.14	0.77	0.85
TcmCD8	1.267959864	1.311741875	1.036015479	1.000595159	1.037746333	0.755077717	0.899650471	0.565205188	0.638003266	0.981948261	0.561171405	0.503049299	0.902212765	0.898291508	0.375759313	0.805747555	1.042937138	0.720836904	1.214652163	0.8522189	1.234203728	1.635587202	4.192125137	4.111717837	3.860454628	1.164159965	0.94758261	0.637535105	1.180360897	0.96030851800000006	0.993935461	0.35590571	0.726840829	1.010288996	1.011978176	3.324401289	5.119858503	5.246733624	5.282353538	4.834508617	0.491370327	0.63070364	0.614746225	0.590404959	0.725573395	0.941002375	0.314156873	0.933920189	1.089907831	1.036934046	1.734739641	2.631495524	0.044566561	1.76545917	2.732981592	1.401221529	1.607246714	2.301984016	2.68255177	2.512997684	2.175162111	3.504777202	1.347659862	2.616112158	2.770097383	1.512435775	1.884861714	0.76615236	1.142669363	1.970554718	1.335056267	2.061693171	2.481210225	2.155511189	2.119210495	0.622125838	1.120857954	0.61105706	0.938840423	0.665095033	0.187129831	0.603801078	0.376758034	0.925366065	0.560790584	1.290729325	0.70988431	0.64861754	0.589025976	0.88206671	0.902066487	1.385861226	1.389825104	1.49206844	0.917394769	0.936283206	1.0086398	0.855833288	1.116503774	0.67696739	1.08	0.81	1.11	0.85	1.09	0.37	0.28	0.54	0.5	0.23	0.75	0.55	0.56	0.79	0.83	8.12	8.09	6.91	8.07	7.84	0.94	1.37	1.32	1.2	1.54	1.02	1.13	1.01	1.15	1.11	1.26	0.98	1.27	1.06	1.14	NA	NA	NA	NA	NA	1.12	1.06	1.2	1.04	1	0.69	1.09	1.05	1.44	1.35	0.71	0.57	0.38	0.57	0.61	1.05	0.65	1.07	0.99	1.19	1.28	0.91	1	1.17	1.24	1.24	1.74	1.65	1.91	1.13	1.41	1.17	1.3	1.65	1.72	1.21	0.77	1.4	1.11	1.03	0.35	0.4	0.57	0.35	0.35	0.93	0.74	1.19	0.85	1	0.66	0.62	0.63	0.8	0.68	0.19	0.18	0.24	0.3	0.27	0.54	0.66	0.66	0.96	0.98	0.9	1.72	1.61	1.59	2.01	0.95	1.03	1.06	1.03	1.03	0.42	0.39	0.36	0.45	0.4	0.61	0.59	0.47	0.45	0.51	0.69	0.75	0.82	0.78	0.78	1.06	0.93	1.01	1.01	0.76	0.44	0.41	0.41	0.61	0.66	0.72	1.09	0.91	0.69	1.32	1.64	1.09	1	1.18	1.75	0.75	0.56	0.56	0.89	0.83	0.43	0.42	0.53	0.53	0.57	0.45	0.44	0.6	0.54	0.77
NK	5.036159048	4.146532277	6.541131722	5.354546436	5.497110683	6.224720511	6.386021744	7.244793354	9.414897394	4.487797046	5.689706218	3.887180944	6.418644833	9.043187538	9.43886274	22.46213617	19.46505687	25.07046316	11.91943588	20.18201814	6.621517838	7.381540876	7.579026836	7.398569261	4.787383282	8.73610158	5.157252171	2.79275293	5.240336739	5.67978879	12.61033259	8.036327813	8.194306115	8.000225986	11.90916008	1.630305033	1.127083882	0.952013743	0.888727655	0.722141601	10.91464948	7.221086877	6.456827596	10.17221212	11.05914492	24.13645391	9.109319486	24.52615229	17.7834011	10.01829024	5.033476833	4.478075626	0.35149453	6.907113411	12.70092486	7.158798735	3.14730031	3.075370008	3.044035123	3.737599543	7.188562823	3.101579016	3.346865516	9.23328611	3.483989657	14.59340798	14.77360853	5.114670743	4.924004606	10.65784614	3.675592422	3.232613032	3.574292313	2.889297426	4.036417461	3.969545853	12.76986751	22.21887961	22.92250721	22.60209984	3.446107034	6.799534039	10.10498991	7.835253096	9.088419298	11.632904	10.18594718	7.570185888	8.653982755	11.83268769	5.615982242	5.974181259	9.143505246	10.92072857	6.481457849	11.51792503	11.68646621	14.34731843	10.64658147	13.22136218	5.58	5.35	4.75	5.32	5.66	5.63	4.65	5.63	9.08	6.35	12.8	23.9	27.2	15.3	22.5	3.99	4.16	5.18	3.13	3.59	7.19	6.71	6.1	6.22	6.65	11.7	8.15	8.11	7.69	6.93	5.8	11.9	7.87	12.3	11.6	14	7.49	6.41	5.81	13.5	5.18	4.4	4.16	3.86	6.39	22.4	15.1	13.1	14.6	16.3	3.93	1.91	1.95	3.66	3.21	15.7	14.3	12	12.7	9.92	7.19	4.82	5.2	6.66	5.1	21.5	17.4	11.8	12.2	9.78	29.2	11.6	9.17	12.1	10.9	14.1	12.2	15.7	17	10.6	27.5	23.2	16.5	18.4	13.9	10.9	11.1	8.5	9.74	10.7	7.36	5.82	10.8	6.06	5.67	6.75	3.86	5	4.02	5.06	11.3	5.13	6.92	5.31	6.33	8.59	7.43	8.49	6.98	7.74	9.91	8.73	6.05	6.31	7.87	10.1	12.4	11.7	9.64	7.56	12.5	10.8	11.5	9.47	11.5	5.78	5.78	4.84	5.57	7.23	6.12	7.38	3.96	6.23	9.29	12.5	7.31	11.6	8.68	6.37	10.4	9.33	10.4	12.8	5.61	5.86	8.77	12.8	11.3	13	10.8	9.08	12.8	13.1	15.5	5.7	3.31	4.44	6.4	6.45	10.4	8.37	8.85	6.43	6.64
Basophils	0.790190499	1.272245304	0.547650109	0.989169113	0.628241221	0.702439104	0.997050247	0.964173556	1.139790291	0.793086747	0	0.868685131	0.771647049	1.127661712	0.771758589	0.69916719	0.510423849	0.630732291	0.915559704	1.117687764	1.325141381	2.396163162	1.692079423	2.2106107760000002	4.431164731	2.068127754	0.901842776	0.832588338	1.426783277	1.180822977	0.292176144	0.774875189	0.928380865	0.992841571	1.227395589	0.155467233	0.659817609	0.776626292	0.47713314	0.758097665	0.478045538	1.260820032	1.074525173	0.695991963	0.830166248	0.404221348	1.10644985	1.10108618	1.268678574	1.574209705	0.651779474	1.239506987	0.250735348	0.944127708	1.00890114	0.84015943	1.382847055	1.207270195	1.246388178	1.380452937	0.984622193	1.280927805	1.255188263	0.703150472	1.159701853	0.328578285	0.465493696	0.481134128	0.940558217	0.775367015	0.361119994	0.459360868	0.503978181	0.555590688	0.577326897	1.262366821	0.498043401	0.895676515	0.267866989	0.700079112	0.876152917	1.582692726	0.902861596	1.467283409	1.892503776	0.798620898	0.726377431	0.700206225	0.814873908	0.769516939	0.290470905	1.524351948	1.21878907	0.739959922	1.578004078	0.214270903	0.465526062	0.198535105	0.261037024	0.248101008	0.83	0.99	1.78	0.66	1.33	3.25	5.24	3.42	3.12	2.47	2.15	3.98	3.82	3.69	4.3	0.57	0.62	0.67	0.67	0.55	0.57	0.71	0.93	0.85	1	0.94	0.75	0.75	0.74	0.88	2.03	0.92	0.44	1.07	0.92	0.49	0.59	0.42	0.77	0.43	1.02	1.15	0.99	0.84	0.87	1.94	1.86	1.56	2.26	2.67	0.84	0.68	0.64	0.83	0.68	1.28	1.65	1.71	2.52	2.22	0.47	0.2	0.37	0.17	0.32	1.72	1.82	1.82	2.67	1.14	2.07	0.34	1.33	2.05	1.49	1.3	1.58	1.55	2.02	2.13	2.69	2.33	2.09	2.5	2.91	1.06	1.62	0.96	0.5	0.73	1.5	1.45	1.94	1.72	1.14	1.66	1.72	2.19	1.68	1	0.34	0.41	0.63	0.52	0.41	0.16	0.93	0.95	0.91	1.16	0.5	0.81	1	1.26	1.14	0.57	0.53	0.94	1.76	1.36	1.8	1.38	1.3	1.24	1.75	1.1	0.94	1.2	0.99	1.25	1.52	1.74	1.54	2.27	2.62	1.19	1.51	1.79	1.43	1.78	0.3	0.29	0.54	1.62	0.43	0.4	0.97	1.78	1.57	1.18	0.83	0.63	0.45	0.58	0.5	1.06	1.12	1.42	1.36	1.41	1.83	1.29	1.98	1.22	1.18
pDC	0.382041441	0.293186082	0.507442142	0.452144958	0.603793155	0.426972789	0.463946393	0.432818039	0.39787924	0.244796109	0.539685494	0.563855258	0.640224764	0.303036547	0.694067302	0.210195014	0.429481829	0.553693695	0.208161937	0.299450527	1.067862878	0.85997029	0.532244203	0.453591999	0.435407364	0.865767206	1.082165477	0.908141365	0.50344853	1.232728516	0.369340285	0.455317843	0.566270944	0.404946428	0.69313064	0.727487332	0.383377865	0.376636323	0.495048027	0.454484656	0.646926016	1.152913334	1.059156517	1.754992615	1.365651302	0.724950349	0.498770156	0.566980192	0.532750009	0.44569156	0.098802756	0.294501788	0	0.137882642	0.164407021	0.960830792	0.385092636	0.395245448	0.369245676	0.234449548	0.714109825	0.599955121	1.046293405	0.765473206	1.13419601	0.186005524	0.24248798	0.15299163	0.241918894	0.22739192	0.671987748	0.344520651	0.321303736	0.369716242	0.383035492	0.819063343	1.064632845	1.11692867	1.005299297	1.058069594	1.195732703	1.189988511	1.4023545	0.924232347	1.071350406	0.303516791	0.484081588	0.40726545	0.314972868	0.242891842	0.861053856	0.258378212	0.498423895	0.364703298	0.326405372	0.280510564	0.41351674	0.456071779	0.459736848	0.309701429	0.61	0.61	0.56	0.7	0.47	0.055	0.052	0.1	0.099	0.18	0.65	0.5	0.44	0.39	0.52	0.32	0.28	0.35	0.38	0.45	0.54	0.51	0.51	0.53	0.3	0.2	0.24	0.22	0.21	0.17	0.62	0.64	0.77	0.66	0.66	0.65	0.44	0.55	0.6	1.11	0.44	0.63	0.49	0.42	0.5	0.83	0.48	0.45	0.94	0.89	0.57	0.52	0.89	1.03	0.75	0.93	1.1	1.14	1.12	1.15	0.17	0.31	0.35	0.29	0.21	0.8	0.82	1.11	1.18	0.93	1.04	1.23	1.15	1.07	0.95	0.36	0.47	0.54	0.69	0.53	0.47	0.43	0.35	0.25	0.37	0.83	0.82	0.58	0.42	0.58	0.49	0.43	0.3	0.35	0.43	1.33	1.05	1.11	0.66	1.15	0.82	0.9	1	0.52	0.63	0.41	0.47	0.52	0.38	0.38	0.2	0.35	0.32	0.3	0.15	0.76	0.79	0.6	0.64	0.72	0.41	0.34	0.37	0.52	0.34	0.75	0.64	0.64	0.74	0.42	0.44	0.41	0.32	0.35	0.37	1.24	1.45	0.83	1.2	1.19	0.45	0.71	1.4	0.94	0.55	0.96	0.69	0.78	0.51	0.68	0.91	0.73	0.85	0.57	0.65	0.56	0.66	0.65	0.41	0.48	0.3	0.33	0.28	0.19	0.38
ASCs (Plasmablasts)	3.51	1.99	1.3	2.86	0.63	NA	1.73	1.87	3.17	3.16	1.66	2.34	1.89	4.11	0.74	NA	NA	NA	NA	NA	0.42	0.78	0.29	0.66	0.4	0.29	1.31	0.039	1.63	0.41	1.19	0.00964	0.29	0.58	0.27	NA	NA	NA	NA	NA	2.99	0.46	0.31	1.71	0.24	NA	NA	NA	NA	NA	0.61	0.19	0.42	1.77	1.49	0.75	0.79	1.15	3.5	1.91	0.58	0.19	0.38	1.27	0.058	0.55	0.64	0.27	0.25	0.068	NA	0.13	0.11	0.47	0.059	0.39	0.31	0.33	1.02	0.38	0.19	0.47	0.73	0.63	0.39	1.03	0.57	1.15	1.29	0.35	0.42	0.35	0.42	1.71	0.2	0.2	0.091	0.045	0.3	0.23	0.046	0.05	0.038	0.12	0.046	0.024	0.014	0.00452	0.00703	0.00282	0.00132	0.00104	0.00116	0.0037	3.15e-4	0.03	0.027	0.019	0.13	0.024	0.01	0.00415	0.00222	0.00284	8.45e-4	0.00225	0.00182	0.00194	0.013	0.00291	0.00825	0.00794	0.006	0.00375	0.011	0.00138	0.00123	0	0.00437	0.00237	0.00249	0.00156	0.00227	0.00344	0.00366	0.015	0.00582	0.00529	0.00943	0.00204	0.012	0.015	0.00602	0.015	0.00586	0.00947	0.00328	0.00102	0.0044	4.04e-4	0.036	0.032	0.05	0.052	0.043	0.027	0.011	0.022	0.082	0.066	0.018	0.079	0.079	0.077	0.058	0.014	0.00861	0.00775	0.022	0.00569	0.025	0.026	0.034	0.07	0.023	0.00876	0.00896	0.028	0.016	0.011	0.056	0.035	0.047	0.08	0.075	0.025	0.028	0.047	0.048	0.022	0.015	0.03	0.011	0.046	0.00728	0.072	0.3	0.074	0.12	0.2	0.097	0.12	0.093	0.17	0.077	0.075	0.08	0.084	0.14	0.093	0.23	0.18	0.17	0.22	0.21	0.09	0.1	0.12	0.25	0.11	0.035	0.028	0.031	0.13	0.045	0.023	0.057	0.031	0.026	0.012	0.081	0.043	0.045	0.011	0.1	0.028	0.00639	0.00876	0.044	0.031	0.028	0.03	0.018	0.043	0.026	0.021	0.024	0.077	0.034	0.022	0.044	0.031	0.034	0.058	0.065
