uniprot_id	164	259	255	241	203	362	27	204	91	201	223	157	226	45	244	242	154	370	224	32	114	346	397	352	285	48	261	360	357	163	344	115	134	87	30	245	369	401	260	161	160	205	349	49	225	363	356	399	350	88	372	47	155	116	50	243	361	400	135	131	398	355	89	153	118	283	227	282	132	373	358	351	90	359	31	202	284	345	342	371	29	343	353	156	258	364	133	162	117	281	472	477	469	470	550	547	540	471	645	539	494	487	485	490	478	548	468	537	578	647	577	484	476	643	546	492	475	581	483	479	486	541	579	491	646	538	549	644	580	493	501	533	651	499	632	631	529	637	502	507	639	530	640	532	650	630	585	500	653	636	510	587	508	588	531	634	506	654	652	498	586	589	633	509	638	661	685	681	660	570	667	682	666	673	658	522	672	562	569	573	664	563	514	525	524	566	669	665	517	684	671	521	515	683	668	564	513	670	516	523	565	571	572	659	657	719	627	554	624	696	623	558	557	720	677	555	676	689	675	678	692	626	717	608	611	695	698	609	610	674	716	699	688	625	718	697	556	612	690	691	619	601	705	725	605	595	594	726	706	711	710	617	602	704	616	727	603	713	703	604	709	597	712	702	593	618	724	596	723	620
P05231	1.43093	3.32317	3.59107	2.57307	4.50894	3.89557	3.50762	4.14112	2.2999	3.81686	2.74276	2.09026	2.59226	2.60569	3.14031	3.39577	3.64803	4.42405	4.28181	3.13157	2.64932	3.43004	2.92936	4.20806	2.02481	2.60712	3.16107	2.47256	2.5244	2.45402	3.64392	2.56743	3.14755	4.25658	3.49351	2.6026	4.12661	3.33374	2.74848	3.41889	2.21544	3.90294	2.4272	3.78119	3.12768	2.53169	4.13653	2.77905	3.53454	4.28202	4.28328	4.55723	2.09771	2.45104	2.83494	2.33857	3.83164	1.50638	3.05636	3.36796	5.10782	2.41736	3.60764	2.67175	2.59174	2.33928	2.58391	2.47818	4.95394	4.1159	2.43054	2.06587	3.95929	2.19166	2.81303	4.15589	2.46465	3.55971	2.71629	3.84309	3.32665	4.31584	2.5871	2.10793	3.89685	3.23669	3.78509	2.85844	2.86819	2.41953	1.49541	0.6594	3.19785	1.9978	1.10439	1.60842	1.28334	0.72008	7.23439	0.66988	1.44243	1.15531	1.18787	1.1461	0.70967	1.09704	0.98541	1.7832	2.49946	5.18396	1.09037	1.10104	1.96735	5.07043	0.95747	2.85757	0.51209	1.42819	0.2787	0.73934	0.99253	0.7922	2.4008	9.25212	5.64745	2.42588	0.59092	3.84175	1.24613	1.57165	3.06349	1.72924	1.63207	3.20792	2.21652	2.87648	2.06559	4.24508	1.65278	15.51037	1.54661	4.7719	1.25375	2.36293	0.99339	1.89895	1.59021	2.42593	1.43175	2.10043	7.64064	1.26734	11.7129	1.28268	2.25448	1.88261	11.74543	1.05321	1.88808	2.14369	1.09443	1.82701	1.2092	7.71066	1.43275	0.72169	2.38071	2.83795	0.85611	2.06834	0.93841	3.64588	0.80086	1.20654	1.30989	9.98607	0.84468	0.59038	0.74907	1.21362	0.99604	7.31264	4.48182	2.8145	4.58099	0.92396	0.51395	3.64703	4.96275	3.10201	0.7287	2.26006	4.56381	4.06519	1.01967	1.24669	4.43174	1.72875	8.74439	4.15914	0.77376	1.18642	0.86749	0.69673	0.85511	2.10431	1.23583	7.29108	1.03137	6.51441	1.37362	7.0789	8.38873	2.62616	1.68098	9.56201	1.88211	1.40345	3.56895	2.52907	1.2365	3.92286	4.74343	2.13267	1.41137	8.44607	2.09525	2.65288	1.29592	2.51938	3.22918	1.28242	0.87866	1.48401	2.31029	2.60985	7.83252	1.73379	0.95387	0.38999	1.11414	3.13252	1.25609	1.36146	1.75448	2.65509	4.46331	1.04062	0.80748	1.5989	3.77487	3.18484	11.70435	2.81321	0.75155	0.57353	4.5663	1.35266	3.05311	1.34721	0.91086	3.05256	0.97392	1.18113	2.06549	1.41328	1.17277	4.8142	1.09497	0.67443
P22301	2.59018	4.05017	3.62356	3.74266	3.87035	3.40065	3.47677	3.32214	3.31207	3.54412	3.93366	4.13304	3.61668	4.15272	3.29184	3.46532	4.81513	4.60869	4.10332	3.11049	4.03578	3.81436	3.62643	3.73203	3.3363	3.46108	3.9721	3.58021	3.52507	3.46865	3.68216	3.63801	3.30719	3.34559	3.98786	3.64204	3.6096	3.89565	3.66662	3.70824	3.17308	3.26543	3.18128	4.88353	4.09945	3.52761	4.1296	3.57948	3.66737	3.86591	3.60138	4.50798	4.22024	3.87736	4.30655	3.41968	3.93417	2.97177	2.7626	3.35656	3.80543	3.48721	3.95803	4.34676	3.89331	4.13086	3.73855	4.00634	3.39621	3.8883	3.84459	3.42159	3.53415	3.57427	2.99045	3.53434	4.47119	3.70824	3.65934	3.67579	3.48455	4.5548	2.75284	3.92493	4.17138	3.42172	3.54246	3.41984	3.9655	3.90471	5.81158	1.97691	6.1881	6.97212	6.89276	6.27488	4.78202	6.07919	10.40311	4.33196	9.48493	5.14141	5.37601	5.73663	2.44093	6.56059	6.63797	6.70154	6.99029	7.71178	4.31977	5.19286	2.43478	6.98755	5.76579	12.83701	1.61784	5.45941	1.48389	2.68258	5.6289	4.97401	10.96501	21.51363	7.16633	21.26412	5.81385	8.43574	9.91114	15.82939	10.22446	3.67381	8.16002	10.89028	3.64175	3.41236	3.7776	8.01143	9.87417	4.96198	6.22695	5.13253	5.64578	5.98145	6.13223	4.67152	2.93713	10.03622	6.31893	8.23181	4.66321	4.30476	2.97347	2.78055	4.70616	4.0332	3.8909	6.08077	7.09933	7.09966	3.74184	2.93371	4.39097	4.95185	5.53374	4.86407	6.25234	5.88637	5.49128	7.73216	6.51383	6.71959	4.26665	7.3895	4.91639	8.40035	3.81409	4.76274	4.03943	6.85509	3.36073	6.99854	6.69576	8.01499	8.2927	3.47439	4.62703	4.26062	5.48619	6.18604	6.1411	7.92522	6.30183	6.48999	3.38981	5.2643	6.95371	6.60907	6.03879	8.60927	4.64264	5.49437	5.61749	3.45432	3.70902	4.05769	3.27876	7.94721	3.21131	5.65201	4.1947	6.35039	9.9861	4.93019	4.74104	13.00775	6.32845	8.50854	8.22068	5.94024	5.84698	5.02754	5.05702	11.38817	7.79687	12.0975	5.23325	7.36974	6.46817	6.5914	3.72693	4.66967	5.95109	4.86659	4.27602	3.65164	11.57703	7.45125	7.34977	5.02498	4.16081	6.52873	10.93844	4.39613	7.13534	6.93553	8.51043	3.88349	7.55341	6.32617	5.89535	4.80363	7.6643	14.86479	3.5727	1.75882	5.70854	6.27231	9.7735	5.50561	4.89633	6.46012	4.4857	10.296	6.51808	4.3444	4.26198	7.85266	5.01224	4.31412
P48061	1.30186	1.16403	1.16403	1.16403	1.16403	1.16403	1.16403	1.16403	1.16403	1.16403	1.16403	1.23774	1.26619	1.16403	1.16403	1.16403	1.16403	1.16403	1.17387	1.16403	1.16403	1.16403	1.16403	1.16403	1.16403	1.23541	1.16403	1.16403	1.22986	1.16403	1.16403	1.16403	1.16403	1.16403	1.16403	1.16403	1.21824	1.16403	1.16403	1.16403	1.16403	1.16403	1.16403	1.2187	1.16403	1.16403	1.28298	1.17726	1.16403	1.16403	1.16403	1.16403	1.16403	1.16403	1.16403	1.16403	1.16403	1.16403	1.22848	1.17249	1.16403	1.24142	1.16403	1.19828	1.16403	1.16403	1.16403	1.16403	1.33865	1.16403	1.16403	1.16403	1.16403	1.16403	1.16403	1.16403	1.16403	1.16403	1.16403	1.16403	1.16403	1.16403	1.16403	1.16403	1.16403	1.16403	1.16403	1.16403	1.16403	1.16403	217.13012	421.5566	187.30117	183.39442	127.97417	148.57889	145.70442	165.60375	198.10741	127.23473	134.26064	174.57172	186.69509	171.04014	438.11635	122.25339	178.36652	147.51899	169.67838	167.69978	220.01356	195.75601	420.2704	212.50885	154.16906	156.77245	420.07815	164.83095	174.16522	430.5954	222.46442	146.55506	188.87829	191.14239	172.93873	162.3325	112.85755	178.33129	182.0055	157.77482	163.51916	181.75293	231.26638	183.06152	203.80036	154.94163	164.19256	147.05061	194.12546	174.98449	141.64458	213.05965	175.23912	185.52439	246.34695	228.03731	176.5988	223.40666	219.5201	183.79816	154.45583	174.41885	185.09826	160.62917	203.32565	172.2742	188.82478	238.56206	220.35093	177.75467	160.97429	164.04214	178.65594	155.12475	162.31281	338.96112	167.25407	159.86807	373.94924	193.43979	157.029	160.98618	200.61455	188.75959	412.41147	148.61952	163.47092	150.45854	144.75005	147.82663	195.48612	130.69676	109.56676	125.79799	132.06657	115.4372	194.7403	191.73721	123.04105	156.30188	162.01581	135.45459	107.59716	136.71579	140.11309	147.0609	94.53291	163.54932	113.80378	143.84884	152.38672	150.63569	142.62955	336.68107	428.46805	152.41519	134.27831	203.91373	148.79335	236.56172	147.07985	199.0171	208.54808	135.76642	187.81593	228.32929	211.80324	168.71808	224.1273	208.8868	177.02757	153.04833	146.21025	179.31605	181.05234	252.33702	194.86824	196.46088	214.1944	191.54892	153.11442	185.37297	197.11241	161.09428	153.06463	214.78832	218.84924	167.85828	175.96002	154.66726	194.03779	311.80809	183.09654	150.88405	255.11596	140.22944	174.08982	147.75762	189.89102	173.32473	173.87016	201.88047	268.66492	192.38997	177.26351	155.65196	296.87569	192.05497	178.19972	280.89554	143.54245	125.17545	182.49175	173.13481	150.23728	189.01949	153.81467	140.87948	172.16082	164.5847
P10145	8.31243	6.97045	6.22052	6.87546	7.59478	10.51779	7.27428	6.06215	7.70341	7.01523	6.26062	4.93411	5.75555	6.73318	6.53853	5.91056	5.1296	5.50956	5.4054	7.21153	5.99654	5.91258	5.20228	6.54311	6.69242	6.67315	6.40428	5.14955	5.14	5.1554	5.89547	5.90238	8.25178	5.85119	7.91567	6.96437	6.27835	9.09978	6.0566700000000004	5.5862	5.70083	7.66972	5.18838	5.91554	7.49717	6.64351	5.99325	9.25289	6.34489	9.49247	5.29421	6.20975	8.87189	5.80414	6.05888	7.45007	4.99796	6.02102	7.70376	7.88393	10.32127	5.64789	8.51679	4.9770200000000004	6.29996	6.40547	5.76754	6.39014	9.04257	8.24508	5.98767	6.79851	8.8191	5.08803	5.60095	8.18707	5.84134	5.73481	5.48562	6.28382	8.54817	6.33641	9.20908	4.74179	6.95839	8.81107	7.02963	9.02257	6.42126	5.76979	5.85913	2.40542	31.3474	4.0766	3.58956	10.19113	6.84692	5.03484	5.70077	4.29751	4.3589	3.61371	4.11476	4.82927	2.75402	3.1317	17.1014	5.14799	3.64556	4.76987	4.31008	3.70325	2.33016	8.27677	4.62191	7.26692	2.7972	7.00398	4.30048	2.65723	4.45912	2.71803	4.93243	2.50796	4.94136	5.34305	3.51116	10.20382	5.3027	3.61657	11.96668	3.59643	3.71129	12.5451	6.28315	6.20137	6.98744	28.35881	6.5436	8.40415	5.41086	4.93323	4.42331	6.81313	4.75167	8.37763	6.89775	9.10657	3.52065	4.46265	7.88346	5.57388	6.89278	5.2601	5.38654	3.22704	4.82335	4.12173	4.77842	13.57019	6.48467	4.43112	7.97072	9.81337	4.99616	2.53964	6.1612	8.88559	3.94574	5.94047	4.9382	8.59971	4.40073	4.55488	3.41122	10.64311	5.26135	4.56176	4.03812	4.83957	4.41697	4.83101	5.13019	11.2361	15.75487	3.5445	5.04663	4.28987	4.91424	7.6743	4.59779	14.73112	5.04155	7.5225	3.84138	4.04449	7.28871	4.77575	5.99151	12.91942	5.73068	3.51871	4.63233	3.59187	3.74304	3.40625	5.30933	3.4916	10.01599	6.2388	5.33483	3.81482	6.20551	3.0522	4.23416	6.78189	4.95092	4.00311	7.39858	3.91747	3.43446	31.09578	3.29745	4.66848	4.87446	4.21767	4.03623	6.58824	4.37936	6.58434	4.30637	4.15855	3.9479	5.74156	3.00468	5.04838	5.99998	35.31009	3.12522	2.78323	12.30801	4.69888	3.82178	4.19414	4.33874	3.69719	27.37129	3.88861	2.94011	3.45914	3.5124	7.57691	5.12113	4.97293	16.88759	2.58272	4.22021	4.04405	3.77031	4.52934	3.24207	3.60162	3.04955	4.93958	3.33532	3.81742	4.76155	11.69247	4.40907	17.42607
P80098	2.86623	3.46629	3.26198	2.70047	3.70199	2.44036	2.34641	3.71533	3.37388	4.07244	2.84101	2.58504	2.74142	3.78857	3.21286	3.22603	3.46153	3.45118	3.42696	2.63167	3.14737	2.75712	3.18821	2.64459	3.10198	3.5044400000000002	3.60659	2.26508	2.53047	2.73608	3.26632	3.13377	2.85281	2.73679	2.86894	2.94234	3.38445	2.97085	3.33328	3.07472	2.58453	3.37537	1.92933	4.41158	3.01867	2.50816	2.99907	3.28731	2.70083	4.37515	3.12155	4.04986	2.91415	3.06422	3.78077	3.00268	2.73979	3.43076	3.13372	3.36224	3.61937	2.43768	3.72393	2.87959	3.37645	3.59504	2.08189	3.30791	3.55237	2.7824	2.91326	2.45476	3.52114	2.5907	2.49174	3.84984	3.26259	3.0709	3.04355	2.7398	2.82904	3.24105	1.84579	2.95309	3.52905	2.62968	2.59524	2.71802	3.733	3.41589	2.7835	1.18831	1.91825	2.26094	0.81216	0.97357	1.36372	2.01692	2.4498	1.98559	1.22331	2.02266	2.32557	1.43	1.13096	0.99922	2.13537	1.5203	1.28443	1.44805	1.20375	2.00529	1.07372	2.17352	1.0481	1.75837	0.84603	1.16335	0.84678	1.0053	2.3889	1.64087	1.79307	1.86547	1.31581	1.49275	1.32202	1.41068	1.43379	1.63013	2.11275	1.94563	1.48959	1.9817	1.2348	1.42441	1.68565	2.42883	1.6687	0.89753	1.66224	2.6446	1.79726	2.01354	1.43653	1.56824	1.8539	1.99481	1.31483	1.78842	0.54376	2.68594	0.69946	1.76929	2.42974	1.23304	0.70482	1.46596	1.74542	1.61659	1.68683	1.60151	1.22361	0.65568	2.04719	0.65841	2.08028	2.01372	1.04838	2.16859	2.01291	2.04022	1.55595	1.53148	1.19838	8.32567	1.58843	1.60788	2.05217	2.10485	1.31496	3.53282	5.16785	5.13684	7.139	1.32575	1.64601	1.80697	4.49243	2.34082	1.93249	7.34487	4.59714	2.02731	1.26857	1.82319	4.30705	1.54427	4.1288	8.25002	2.05826	1.63399	1.70607	1.13636	0.77348	2.16449	2.39999	1.39269	2.08305	4.72993	2.34255	1.13555	1.41627	2.02053	0.84686	1.53951	0.98299	2.4761	1.02876	0.91506	1.44126	3.65704	3.39171	2.16065	1.95685	3.09134	17.77399	2.49342	2.29363	0.75419	2.26157	2.24077	1.71288	3.58625	2.55583	17.96495	1.79637	1.80225	2.27067	1.58265	1.57683	2.62287	0.98935	1.87597	3.44874	2.50323	2.38423	0.83948	0.75597	1.85822	2.08865	1.47995	3.3043	1.4686	1.20883	0.5899	2.60932	1.74896	1.10882	2.5617	1.42604	1.8835	1.73878	0.75029	1.97305	1.5528	1.08452	2.40788	0.87324	1.26106
P01133	9.88092	10.24854	8.64629	9.84381	9.07566	9.89887	8.95158	8.66835	10.73467	9.64757	9.60908	8.44972	9.17227	9.37102	9.93337	9.57804	9.35585	9.00847	8.72097	9.22405	9.68254	9.75739	9.24646	10.29525	9.81118	10.44929	9.34156	9.04206	9.0028	8.26175	9.68965	8.79326	8.37975	9.45854	9.73928	10.33731	10.26894	9.4945	8.46457	9.8812	9.28228	9.61711	8.48837	8.31928	9.04128	9.23175	9.44701	9.76417	8.22618	10.53621	8.74895	9.65632	9.04729	9.01625	9.64517	9.15419	9.07562	9.37047	10.79656	9.99899	8.33545	9.3005	10.44853	8.66343	10.16049	9.12685	9.3045	9.75316	10.06791	9.70563	10.80226	9.39033	9.74617	8.01189	8.0363	9.81064	8.70663	9.04839	10.44046	8.96144	9.90286	9.73033	8.4791	7.62048	10.01152	9.68539	9.70129	10.08059	10.15362	8.29772	437.62243	114.92732	186.32169	178.15404	237.37856	285.03596	81.05702	86.94915	117.70431	277.55639	139.48639	62.08084	175.74158	295.2277	261.81693	176.39483	140.56055	93.7919	59.0125	85.32996	335.99203	227.05185	234.28386	151.2425	291.20315	285.25789	118.15512	194.5215	155.99419	152.2933	215.67248	89.56137	109.28385	128.09448	124.56709	83.96336	249.90509	121.21748	395.90499	107.5085	135.18966	99.23531	96.72268	231.55295	280.66664	101.66361	140.60198	146.54404	173.35905	123.10067	95.68131	271.21423	198.00201	195.45806	319.42696	425.52426	272.18668	224.63454	201.95096	89.1186	174.3607	358.74183	349.82704	117.91661	233.72518	144.41215	368.91671	259.29244	144.16762	258.8427	401.75951	194.50836	336.07171	93.50887	154.02806	110.7468	214.7926	259.10245	118.91093	227.50118	191.20913	195.02815	108.98867	96.87412	87.30827	121.02253	107.64688	131.9635	197.04649	52.26664	218.14321	156.61647	123.12934	50.7147	81.87699	186.74913	248.79267	239.61739	84.5227	244.0008	57.86597	82.61401	68.9399	168.02981	100.14479	174.70909	82.56121	100.10668	46.00022	77.61197	171.06615	74.47993	93.82208	86.41032	344.51467	281.20352	60.89091	81.81067	118.90318	117.87722	107.71536	94.40056	203.21797	154.53076	101.85188	115.43629	90.3325	324.31633	231.97827	153.42016	58.41937	331.71257	165.62501	156.23147	188.226	182.53117	63.86912	79.1041	122.32082	108.15443	224.47532	63.50578	264.13106	276.45998	171.26536	97.75507	90.68375	49.38457	240.94205	163.62923	379.30745	632.51165	278.56222	111.12183	291.3599	165.74102	156.77338	196.45275	243.91471	135.4965	101.81447	131.82246	231.88611	427.40634	115.0892	153.14107	409.0312	243.73869	362.36769	216.97672	69.00346	62.36704	117.00166	444.55823	110.52901	207.04085	109.85129	85.69662	128.06448	84.31899
P13232	4.23473	4.47224	3.7055	4.33103	4.15106	3.75145	7.3573	3.73251	4.26913	3.89587	3.6477	3.05082	3.15533	3.53769	4.53785	4.07096	3.7078	4.63993	3.21966	7.23315	3.79068	3.89546	3.40704	4.23621	4.28846	4.38532	3.87962	3.66416	3.58527	4.11476	4.07998	3.41106	3.09576	3.95864	7.63991	4.49647	4.89554	3.33912	3.95392	4.85078	4.55338	4.38939	3.77133	3.69875	3.12337	3.30999	3.52483	3.51564	3.61617	4.50507	4.72023	4.2178	3.56361	3.50721	3.95687	3.95257	3.55953	3.29157	4.39734	3.73671	3.24065	3.51566	4.5641	3.39323	4.03108	4.4489	3.30703	4.1685	4.15124	4.54545	4.19145	4.12707	4.26328	2.97414	7.30219	4.19475	3.82004	3.94399	4.26983	4.47848	7.38722	4.12967	3.62122	3.12859	4.59574	3.98162	3.93519	4.51186	4.02981	4.35249	1.27692	0.41822	0.62192	0.77268	2.12323	1.91505	0.50845	0.53049	0.69825	0.94059	0.56633	1.4414	1.89978	0.94179	0.67634	1.87295	0.65781	0.61124	0.60634	0.49617	1.23162	1.88032	0.61151	1.16489	2.11079	0.98424	0.43545	1.10925	0.88715	0.48064	1.71955	0.53627	0.94208	0.56124	0.48882	0.5204	1.7799	0.49643	1.39105	0.58101	0.5252	0.52097	0.46022	0.77217	1.37081	0.89291	0.73955	0.59025	0.58433	0.58219	0.52732	1.06097	0.76551	0.75331	0.84826	1.46531	1.14816	0.68355	0.69533	0.55961	0.67626	1.32629	1.07134	0.81633	0.94785	1.08585	0.91124	0.74975	0.66195	0.73637	1.45702	0.98839	1.349	0.54612	0.68704	0.92039	3.21913	3.2721	0.96126	1.0902	0.76293	3.1369	0.38787	0.59713	0.95942	0.43387	0.43111	0.62559	0.98685	0.63083	0.49531	0.72028	1.10615	0.34038	0.43707	0.61209	0.86651	0.52342	0.8643	3.98108	0.37577	0.4819	1.04092	3.21906	0.41004	0.64461	0.98595	0.48735	0.92444	0.45439	0.69661	0.56387	0.68006	0.79429	1.35391	1.14762	0.38103	0.40026	0.57452	0.5606	0.62224	0.48905	0.68877	1.04281	1.20115	0.46987	1.26671	0.70639	1.48696	1.71526	0.32537	1.2875	0.88277	0.89128	0.86261	0.71815	0.52082	0.56799	0.81672	1.27946	0.85229	0.41432	0.5845	0.99993	1.0619	0.50007	0.41451	0.45607	0.54649	0.46568	1.28852	1.88828	0.97713	0.44412	1.5334700000000001	1.04771	1.16796	0.61547	0.86266	0.39592	0.31085	0.72545	1.411	1.47462	0.67872	0.52945	1.5818	0.57595	1.32173	1.35548	0.2526	0.83304	0.3641	1.5683	0.99843	0.99946	0.47609	0.81633	0.53687	0.55916
O14625	10.46905	11.015930000000001	10.55499	10.66017	9.86649	10.65945	10.2394	10.26192	10.55456	10.76186	10.93579	10.24077	10.29603	10.3461	10.43181	10.91902	11.61452	9.77418	9.16168	10.08586	9.9389	8.77495	10.14858	10.74524	9.97331	10.81641	11.14839	10.41257	9.85507	9.30323	8.90769	10.23937	10.2301	9.54684	10.69689	10.83982	10.46661	10.62419	9.70805	9.74727	9.47875	9.43644	9.69309	9.91341	9.87209	10.30513	11.06099	10.85401	9.58517	10.51396	9.51797	10.41471	10.69331	9.59202	10.19507	10.21058	10.47083	10.95416	11.08308	11.17246	10.54819	10.00188	10.49207	10.4384	9.89456	10.32661	9.1306	9.85449	11.28099	10.35734	10.54629	9.7769	10.36063	9.53184	9.70721	10.51572	9.95276	8.65209	8.6698	9.63792	9.96578	10.33294	9.74105	10.26999	10.50356	10.44868	11.22594	10.43058	10.34182	9.72234	783.52411	191.75571	411.17178	657.37355	508.25254	500.97972	377.30821	507.13714	429.27158	270.18268	401.80721	462.73671	535.157	441.63617	202.22291	485.75892	507.47346	336.10169	359.94209	176.36045	448.15944	552.43833	207.79518	286.46803	498.12666	523.72692	176.34156	278.40149	268.2135	184.77913	427.16704	384.7614	574.82416	431.57097	191.12502	337.94705	438.65371	259.54452	595.118	412.24082	670.44795	492.15972	349.41048	775.67391	312.09228	391.14831	452.95417	347.13437	592.35747	94.13994	255.76512	1000.65064	306.74825	387.26167	524.24945	581.04115	324.80383	1181.96715	401.84978	297.4991	97.65627	388.7762	204.32767	280.80977	706.55104	351.69494	174.1406	275.29773	363.92821	574.83313	305.3994	312.35114	337.20755	84.09011	303.74938	328.94299	414.0088	354.40861	398.98213	735.78148	333.10223	328.28337	349.83123	375.99767	370.60307	536.99596	317.39535	306.24055	389.43592	415.58643	387.69374	795.24303	358.25359	452.70203	516.79539	304.69364	309.18804	387.16848	328.88935	420.90377	336.67542	447.10809	336.64026	386.23926	407.62428	727.55929	359.04305	282.78701	293.61336	670.69653	371.65903	562.5187	453.4698	346.90134	360.75439	307.40232	266.26178	446.13107	317.84051	271.81046	345.19894	337.93697	381.08413	300.6313	310.23089	448.30972	342.94974	641.40892	386.3991	339.664	300.39389	351.53979	348.66498	327.75922	416.15054	282.67683	207.46392	384.99908	457.52519	349.56736	313.14326	181.86366	384.50096	403.09069	301.53603	267.24757	515.58825	449.19616	347.92863	251.03306	451.93238	402.89578	511.40108	299.975	256.23563	417.75574	564.64029	226.62191	394.69869	565.31684	478.17835	436.79489	398.75031	571.66685	424.5994	177.80306	361.25727	426.04923	467.82657	273.17443	345.01593	480.61207	315.71757	524.79653	496.11116	518.22992	307.18189	581.57169	324.97277	350.01426
Q99616	10.95513	10.07344	9.85733	10.38685	10.64236	9.48429	10.20229	11.02644	11.7131	11.47662	11.84018	10.34501	11.58415	12.9055	10.5639	10.74743	10.454040000000001	10.45114	10.39596	10.37832	9.3306	10.01241	11.20845	9.74282	11.31038	12.21344	10.48034	9.34257	9.21624	9.86888	9.72557	9.39012	9.62028	10.45748	10.57504	10.42206	11.15118	11.48843	9.20904	9.79586	10.01321	10.1953	8.37506	13.08185	10.74487	9.73902	9.89108	11.35777	8.33917	11.66288	10.32624	12.34829	10.38469	8.63564	12.62306	10.23058	9.58717	12.01204	10.62309	11.12268	11.00495	9.4959	11.23112	10.67945	9.40177	11.06729	10.5966	11.01906	10.03318	11.199	10.0217	8.58134	11.37319	9.06401	9.63899	11.25004	11.01661	9.67573	9.92534	9.87158	10.00521	9.7951	8.45739	10.62002	9.62146	9.90721	10.07503	10.4333	9.8464	11.26742	204.93315	106.58473	111.39325	120.48496	262.23071	247.67667	448.4524	123.9073	474.82614	426.06515	191.07868	378.19357	416.75673	220.31805	119.31416	212.95756	144.83908	474.79616	116.26106	250.24858	156.63742	366.47332	113.61648	391.97767	291.62784	192.38838	107.41612	112.84739	235.02449	118.36119	379.53227	515.1474	124.91714	171.4537	274.85311	423.04991	223.19968	307.11465	150.17671	198.88443	604.61956	285.07915	215.18444	754.17434	205.15428	225.2713	283.8233	488.7116	653.40113	70.3192	455.14409	351.01572	508.92008	277.53976	295.24567	300.12846	110.50371	822.96177	198.509	516.53578	73.33313	137.2514	115.54534	117.47828	342.04695	219.87516	93.28874	249.35275	233.07437	624.05554	118.62063	124.42216	185.05468	67.24117	471.73892	79.62576	231.64301	247.70687	99.11579	607.57339	192.3768	229.99242	181.01206	177.47724	92.68201	587.04338	185.73209	176.80358	549.31551	620.19769	189.18215	141.22757	295.53145	598.59921	745.74188	140.78793	195.83403	208.74887	333.41189	313.3343	140.0444	606.31259	289.84069	285.58668	163.8764	162.51474	287.39899	166.06344000000001	270.59618	674.75726	202.15673	536.04606	536.03308	88.55227	100.61886	446.21802	276.21941	445.29375	303.4556	338.7862	401.89949	359.19995	417.56626	469.04187	104.70507	396.04278	104.18515	479.72782	107.49322	104.09384	401.86508	369.82882	493.44886	438.28332	406.30502	274.72479	226.28548	338.63153	471.50475	92.32478	499.46462	249.77458	431.85613	383.21369	407.37928	280.76956	361.63073	358.68199	461.16835	443.47285	390.51049	597.55369	223.59712	456.34103	514.80101	772.75905	696.56677	423.20882	211.12573	260.29076	211.55821	277.96072	472.22218	238.96558	307.14531	301.89167	393.62218	272.32505	200.986	400.97806	196.59574	672.87685	214.05424	234.91394	648.70069	266.79541	458.34045	650.45094	470.10334	247.44884
Q07325	6.4394	7.60586	7.26045	6.65797	6.54349	6.90017	6.69559	6.35136	7.40657	6.5654	7.30653	6.40507	7.43228	6.99032	6.31742	6.77337	7.49104	6.21652	7.01432	6.58883	6.64271	5.28096	6.76299	6.92314	6.48189	7.56529	7.45753	6.60693	6.66256	6.15818	5.8844900000000004	6.76913	6.77237	6.00854	7.39427	6.85131	7.48812	6.881	6.76437	6.53121	6.3049	5.99504	6.13272	7.21941	6.7292	6.64745	7.02256	7.03689	6.11724	6.94923	5.87683	7.51643	7.0304	6.36706	7.10458	6.61313	6.96071	6.6913	6.78149	6.95663	7.25192	6.73029	6.93968	6.91443	7.09982	7.60267	6.67828	7.11859	7.67261	5.98625	6.51945	6.32228	8.06311	6.23559	6.48789	6.64426	7.04312	5.46276	5.2406	5.82698	6.67728	6.20453	6.29417	6.76529	7.42717	6.8075	7.46613	6.76378	7.00504	6.43147	64.22291	21.14341	71.16359	82.16365	92.29776	63.19677	37.07433	61.44951	68.11767	29.3273	45.44634	66.75028	78.36033	57.08486	20.21687	56.62235	109.28744	34.58776	60.12829	39.23636	55.79688	82.31186	25.34633	42.54251	63.65678	73.36888	20.41694	44.40606	33.14306	18.66426	66.8361	31.35687	129.45823	47.47171	43.90605	31.50597	57.65558	46.42361	72.63749	46.78018	67.55414	77.39181	44.32562	81.03998	54.27826	63.16237	72.72014	50.38848	57.27104	58.64805	27.9383	122.25782	36.39727	78.13853	42.88636	101.81209	36.48048	101.54415	42.61121	42.23125	43.56674	37.84607	48.86746	29.17036	127.84654	49.14089	46.38606	31.91821	41.99711	56.20225	31.16395	32.29582	72.24308	47.5872	35.93901	29.47518	119.14652	74.11319	35.91305	66.34138	38.57574	72.47642	51.01622	56.66507	36.78686	77.39017	52.88026	36.71114	42.31552	69.05146	53.94742	67.38538	48.3385	57.61841	69.9363	37.73263	36.38573	65.0316	41.86949	79.38099	38.99605	66.22836	43.42361	86.32824	47.34462	85.90527	48.47396	38.09664	35.50843	90.45102	43.02711	74.16932	62.13644	31.96362	33.27698	46.12126	30.594	41.7021	32.28537	97.74704	37.55121	34.56303	43.10805	39.50279	45.84029	49.36407	58.58894	137.29443	92.56707	47.54836	48.1998	38.01404	50.89074	50.12049	56.02778	71.72207	44.63583	58.91839	66.27271	78.61131	49.30556	26.65474	58.9305	41.02164	43.87982	182.16925	42.362	79.56107	51.28357	31.42413	35.5353	113.03926	87.74624	45.15547	93.29591	59.45436	73.0686	36.1652	55.99057	65.78012	49.48465	43.87684	134.00022	99.69817	38.81182	24.71354	142.76849	56.3924	84.46381	96.94822	40.04879	75.59803	40.83007	75.27139	56.13918	49.83023	42.66212	61.89579	45.13798	30.13488
Q14116	8.43207	9.40911	9.4766	8.71181	8.73921	8.26489	8.45333	8.70153	8.92767	8.44038	8.82182	8.75047	8.31927	9.10157	8.79331	8.67368	9.37476	8.99349	8.63394	8.36845	8.55071	9.0628	8.95452	8.58828	8.06552	9.18765	9.33586	8.18951	8.4055	8.49367	8.70729	8.74257	9.15228	8.48368	8.54076	8.72826	8.82369	8.68389	9.38123	8.66521	8.73583	8.66269	8.6427600000000009	9.54179	8.44796	8.42414	7.96692	8.45069	8.13755	8.81277	8.87088	9.44968	9.36712	8.13557	9.81351	8.48766	8.60117	8.47722	9.03432	8.92963	8.58676	8.44084	8.96225	9.27548	8.84583	8.50069	8.52849	8.13663	9.21698	8.5239	8.61696	8.50208	9.16456	8.4122	8.20484	8.72715	8.12773	9.08192	8.88313	8.31719	8.52855	8.72358	8.367	9.32372	9.62495	8.51599	9.41473	8.5695	8.6898	8.54961	210.28571	145.61048	133.4279	182.58114	228.08558	197.0895	187.81885	175.0192	168.97515	198.05713	114.38926	169.75582	183.80905	156.50062	180.09773	196.73262	154.02999	195.93473	142.37086	142.2449	182.99845	196.44672	180.44836	161.67779	220.81417	163.47389	154.10515	196.08576	108.42327	159.43566	197.46847	181.83742	157.80113	111.99516	166.84468	173.90547	200.30544	131.02714	237.42495	118.4061	299.73493	236.14149	219.85294	337.72621	274.911	229.56542	228.1338	1240.49452	280.77102	216.16203	867.62087	277.66254	808.79154	237.66037	206.59473	276.0402	338.43083	322.20876	215.77445	1039.87241	212.00604	318.52234	194.41743	290.70515	282.53638	233.63796	240.91254	207.2698	229.20081	339.68834	303.5392	339.2939	242.24013	208.97961	976.65395	178.71302	205.0347	196.54113	202.58345	278.7498	194.42796	183.83882	172.16104	155.65897	189.2959	274.22148	161.51667	157.33451	250.90693	248.32554	177.28823	147.25612	315.40759	238.01489	291.55788	157.13584	210.13166	188.55136	260.12892	227.04739	128.81893	265.42014	286.04906	203.59063	156.46821	201.23386	291.67923	156.18099	304.92117	295.74127	168.54503	254.16843	269.93329	163.69624	244.18676	241.46534	135.43958	153.92928	153.42648	123.83802	179.17288	170.1698	215.52517	246.73587	165.4427	173.53673	166.52732	146.72335	176.27658	173.42604	99.24744	198.42999	247.61844	314.70789	313.92024	135.83942	109.31291	276.59509	305.35782	162.43617	258.29362	124.26224	125.69167	193.24006	223.53594	109.3057	157.09378	280.53249	130.60136	116.16719	269.33862	345.46676	267.06996	155.01046	306.56308	240.21136	254.04449	176.91535	223.2499	249.12534	213.27561	204.44077	282.58909	265.00194	209.31177	133.39422	310.48176	267.56157	237.8019	292.1947	197.46171	233.11675	217.07086	267.1675	232.44278	249.2808	164.42484	220.30976	180.63554	276.18504
Q99731	9.36578	9.57215	9.26178	9.21796	12.13729	9.61909	11.48567	12.00772	8.64661	12.18686	10.1496	8.6555	9.82084	9.68797	9.35875	9.37466	9.22986	9.92109	9.44107	11.71696	8.96633	8.92878	9.55597	9.18369	9.04692	9.66504	9.64396	9.2989	10.27842	9.23596	9.05226	9.05627	9.42614	8.01463	11.86127	9.35235	10.32166	9.41142	8.73112	9.05301	9.06877	12.0028	8.54786	9.91385	9.48758	9.36266	10.60241	9.53776	8.62639	9.18946	9.45084	9.82847	9.03086	8.77876	9.58821	8.94498	9.62009	9.55312	10.1016	10.09815	9.44311	10.29102	8.79359	9.00289	8.90325	9.85001	9.28689	9.19576	10.20336	9.9904	10.52267	8.82839	9.04406	9.89927	11.54053	12.171	9.32736	8.77508	8.79613	9.21841	11.53132	9.26255	8.52781	9.21144	9.2363	9.32758	10.11839	9.38457	8.9966	9.42556	123.27815	107.00474	93.05324	122.63353	159.71487	156.09625	69.6495	98.14596	254.40539	62.50648	69.18781	424.84952	515.61717	78.39164	99.09138	158.16956	100.86732	69.45457	166.69305	131.34851	140.56611	567.85669	125.70631	154.93161	145.57996	89.63433	94.72261	125.83629	209.67097	112.19086	430.75196	63.48131	202.1405	82.60697	120.49119	91.9985	130.82305	181.87425	157.48384	76.66277	180.61458	102.45567	123.7291	223.95809	237.2414	230.06898	95.59609	1357.50763	193.62229	132.47146	1399.09823	128.45425	1311.30633	98.99321	123.43881	309.76934	118.51445	306.13541	109.23133	1369.95206	94.45236	173.49556	131.49965	139.00184	140.79419	219.1987	115.41953	91.73612	118.30487	169.17528	109.57542	140.65564	188.29896	141.29586	1329.98065	85.64804	145.50875	105.98134	100.16579	128.26221	133.29798	111.57148	112.18798	157.66257	112.65761	111.99188	95.20397	104.55885	95.89666	136.1755	96.08505	118.66727	68.84312	114.53001	129.74015	87.12115	136.12559	116.68804	83.4436	138.42737	126.96835	107.48543	71.10042	152.63782	92.06613	123.87375	64.25795	152.71549	66.48216	152.97346	104.70415	149.89703	134.8879	97.06059	90.5754	123.92782	78.9874	82.25982	84.24417	90.59394	106.64226	69.48775	85.98605	134.0152	122.6634	101.11286	142.40285	160.62798	166.00485	134.95299	94.05651	116.49819	129.90699	90.22491	76.81252	79.36819	76.37396	90.81991	88.53902	126.81358	124.94525	74.54019	121.06295	98.92736	114.28357	83.20803	94.53387	81.79241	118.68026	76.78608	305.38642	163.28645	142.65682	105.81731	169.08792	119.69615	141.21596	83.69054	111.01816	174.75641	153.561	281.27274	181.22743	152.54239	282.03484	60.81236	190.2662	148.45327	115.20368	153.21709	118.16835	118.03429	123.12713	119.29151	129.47293	313.13545	98.98687	135.05362	109.41269	261.8717
P80075	8.34656	7.91132	7.49515	7.33995	8.43854	7.94248	7.25813	8.4452	8.75078	8.97156	7.9085	7.35624	7.33819	8.09582	7.28974	7.37627	8.17487	6.75056	6.89399	7.5768	8.13013	7.34252	7.31409	8.92247	8.13202	8.33919	7.82998	7.53249	5.48787	7.49277	7.55651	7.77589	6.77858	7.66439	7.87457	7.27814	7.36017	7.60586	6.9197	7.99451	7.85357	8.03242	7.52495	7.84542	6.8738	7.67564	6.4581	7.53408	7.62795	8.40041	6.59678	8.27567	7.56819	7.54139	8.05497	6.99771	7.77223	7.64835	7.90739	7.73682	7.53742	5.53259	8.33078	7.63825	8.40469	8.05871	6.89746	7.9137	7.79604	7.1835	5.81381	7.98046	8.03708	4.98321	6.69466	8.96978	7.61328	7.17574	7.48874	6.53831	7.54261	8.12448	7.82106	7.4493	7.67477	7.9586	7.53821	8.25915	8.54503	7.68084	21.8887	5.80122	13.85866	14.92991	53.57008	52.50301	41.34015	13.21719	34.79069	41.72343	30.16714	39.80021	43.74926	32.61131	6.23739	42.77919	15.23686	41.22181	12.54842	18.67279	13.74347	49.0123	6.89333	24.79	53.93172	33.59187	6.55029	11.94855	27.19082	6.45627	43.98643	41.92392	27.22065	29.54724	22.80482	42.60685	45.40466	27.15402	16.84294	27.70362	52.15077	19.8777	29.23804	74.55693	38.06415	34.16304	19.5947	32.97456	59.30761	44.90968	23.96299	30.26918	30.37607	19.40974	35.88164	51.2335	38.75846	80.25084	25.90386	28.31445	35.95712	43.32949	51.89866	30.88105	22.63553	30.76315	52.94493	26.9982	30.67073	63.21269	47.07735	35.26392	35.47962	34.4733	26.33606	24.78093	36.77561	35.91923	29.32504	15.66761	27.70648	36.5521	34.29836	25.29352	26.39167	31.63186	31.86052	16.30323	8.93686	11.54474	34.6099	36.52831	47.04083	26.48221	30.74832	15.52449	30.23043	35.66736	43.53786	46.57217	23.22318	29.92273	39.65224	38.88039	28.05502	19.70791	43.31539	24.63492	46.13471	33.96012	18.95689	10.60129	10.24639	26.40873	36.76542	61.28856	41.66899	19.29932	43.65004	16.95573	55.55035	18.53756	23.00428	58.26461	19.93854	22.87827	24.95416	30.92687	24.68041	24.76423	23.5402	64.8352	63.69013	89.25657	81.01924	18.71584	14.4221	71.73056	88.86457	22.71471	51.29624	15.0081	26.96821	65.2182	58.66015	16.16016	23.27121	74.82938	27.99035	22.31457	11.8444	59.9775	28.63174	26.03103	45.13708	25.94992	32.44658	27.2971	24.00032	36.97589	34.82863	11.30313	53.6478	38.24144	10.48667	20.62754	45.76658	38.17746	31.51396	38.2736	26.37326	29.15023	28.79943	33.40025	26.90917	9.51592	26.91866	30.64345	30.37403	8.85145
P13236	7.46114	8.43142	7.88456	7.33669	7.90722	9.3472	7.75563	7.8628	7.68924	8.145	7.58817	6.71924	7.13966	7.19692	7.10786	7.32457	8.42605	7.03096	7.14378	7.92022	7.41106	7.17309	7.15159	8.52074	7.40859	7.11507	8.16703	6.84986	7.2452	6.77241	7.59385	7.54689	7.40055	6.4194	8.38142	7.77799	7.34984	9.30432	7.69002	7.31146	7.04865	7.71422	7.40252	7.12281	7.50774	7.53564	8.21182	9.32704	7.62791	8.63581	7.01182	7.66222	7.55927	7.06207	6.97447	8.03831	7.34183	7.51496	7.18853	7.26419	9.84135	7.38795	8.72127	7.31207	7.81763	8.08851	7.06463	7.94771	8.33548	7.72363	7.49714	8.10132	7.40008	6.99108	7.34363	8.14088	7.4339	7.25083	7.50311	6.91986	8.77716	8.35745	9.19367	7.13167	8.56604	8.69403	7.46565	7.72646	7.89469	7.32514	57.49678	31.09703	74.64776	56.89817	730.47981	707.50532	35.6026	49.05419	71.77795	24.04712	54.66986	40.87916	39.12046	90.00912	33.07952	672.94319	60.43802	33.33512	50.4362	54.98882	51.11685	44.15934	32.39497	68.28457	817.9592	219.66513	28.01917	46.2488	19.68157	32.17971	43.34145	28.84582	68.09424	77.05777	54.71755	36.54392	659.84643	74.25677	53.65266	57.64646	93.73167	60.21918	63.49846	100.32005	54.81223	62.07224	57.87799	231.50237	78.69349	80.62299	47.64322	118.3034	63.59192	63.97647	76.31793	69.98763	26.52928	101.45568	63.10201	65.61031	64.09478	31.08924	68.31565	27.33858	72.53187	48.10787	67.96056	67.21673	62.98124	101.17537	37.30393	32.92692	56.65937	139.91073	58.5187	61.96736	91.89253	98.07048	79.84007	92.74279	44.59047	101.37354	44.83504	46.25386	68.6011	91.59462	40.12183	50.12137	54.01277	60.24221	43.60096	98.36973	94.26458	79.17849	100.79191	49.59365	43.21584	54.7948	71.54621	104.56168	43.3201	79.31719	84.80938	84.20897	37.56618	61.16256	86.06234	43.9966	69.18748	102.76035	55.60445	58.76045	62.77671	60.10671	76.06478	63.88021	50.93078	45.09708	91.52817	38.78002	62.64136	43.82036	53.46985	64.15063	59.04212	49.29007	78.32474	51.21246	105.0586	74.80646	31.92891	141.98142000000001	72.95986	60.24636	65.30693	37.81283	30.46615	69.54446	56.40832	76.60756	65.87284	34.63149	51.11544	76.92656	65.09401	37.8427	46.40684	237.72345	37.797110000000004	28.40735	67.41486	73.80832	79.36418	46.01134	57.66045	68.29077	233.27041	45.49373	67.21817	75.72558	80.7906	59.06468	81.78148	73.95884	46.54596	32.11306	69.80404	71.39032	66.10368	56.13515	52.54158	64.55948	53.42738	71.71253	62.69284	53.67451	45.57526	124.9793	44.5697	49.83427
P02778	7.24565	8.84181	8.56236	7.57017	8.10673	7.57655	7.76769	7.87465	7.77537	8.45705	7.59442	6.57762	7.32681	8.10277	7.66992	8.96567	8.35437	6.9737	7.55105	7.6845	7.96844	6.74443	7.62752	8.54942	7.02105	8.64646	9.18502	7.21401	8.00944	6.7724	7.49766	8.18049	7.14506	6.46027	8.67446	7.91971	7.59179	7.85572	8.00283	7.20437	6.86485	7.13925	7.02251	7.95192	7.27494	7.61466	9.04039	8.16244	7.3039	8.15635	6.80787	8.92945	7.02071	7.5471	7.96075	8.22391	7.96206	7.78003	7.7458	8.03876	8.69192	7.73868	8.0324	7.18416	7.63897	7.8214	6.79221	7.36189	8.98298	7.34943	7.77382	7.55366	8.07376	7.21852	7.2875	8.56364	6.99707	7.16336	6.72382	6.57932	7.96873	8.36625	7.45535	7.01114	8.69782	7.56026	8.18049	7.70637	8.56605	7.5613	85.83895	52.50825	67.858	89.64068	90.31549	78.88962	64.47906	58.37619	155.0339	47.05535	56.00186	76.19054	140.13691	58.84671	71.86654	71.40538	57.60492	55.67305	72.52712	52.71112	62.84672	96.48155	60.96673	75.81527	76.59617	105.73427	44.16681	53.62952	34.72286	53.65498	91.67345	64.86105	243.85105	66.88322	58.77167	73.608	67.91749	98.7787	116.63685	52.39418	74.85474	84.53034	59.98564	111.62721	60.7171	73.10748	83.89545	112.67073	55.80011	134.56282	56.63707	210.27613	74.10106	84.73284	73.22903	95.76521	60.50468	116.58989	119.00021	68.36887	77.22316	79.79692	99.3234	59.89179	131.16268	65.41408	83.19056	54.53199	62.086	69.04288	60.26422	69.39502	64.17399	141.16286	66.16654	36.45782	105.36528	69.87114	47.17331	149.44628	64.33155	84.51279	55.68861	65.63134	57.00897	148.91024	60.68172	45.33613	45.92172	68.56931	64.41911	237.51519	90.84068	85.33596	119.56147	63.21584	65.32144	72.1459	83.36757	93.31705	83.16202	91.50004	87.96352	97.17133	49.47974	134.79593	79.99991	60.82042	77.33653	161.97813	57.8176	71.02026	50.41102	44.59509	47.3589	79.55641	41.333	60.2194	52.26646	114.72052	54.30432	54.20621	61.80198	87.73779	59.47253	64.69848	80.61966	123.95872	108.19829	65.22293	49.6928	67.51218	96.82368	51.89301	70.04204	82.60534	84.68122	76.37459	82.77504	64.58416	77.37289	47.85909	71.36942	62.56122	83.34311	101.05522	63.22429	80.42129	61.95037	34.42546	55.5692	133.00233	90.02503	60.02775	84.24939	105.74423	108.56048	37.84915	67.58711	96.46068	79.01291	100.96155	177.49381	146.20706	52.80898	27.49561	111.35386	67.67598	102.97829	84.44563	49.8056	62.67711	60.35865	98.52538	71.724	76.60158	49.75677	75.06096	43.76371	46.91945
P10147	6.17027	12.35497	10.81316	5.16751	6.27675	9.95576	5.74182	5.79687	5.91832	6.72337	5.76662	4.92686	5.49883	5.4623	5.03395	5.37526	6.4266	5.20843	5.22313	5.82582	5.35754	5.2842	4.74798	5.82453	5.46943	5.68653	11.61189	4.79135	5.60374	5.03858	5.6036	5.86574	6.80448	4.51614	6.6512	5.86798	5.41983	8.92384	11.05388	5.48456	5.22709	5.9919	4.7021	5.34483	6.22013	6.74597	6.52225	9.17065	6.61215	7.20365	5.06769	5.71669	6.34486	5.22199	5.47063	6.1795	5.32321	5.45526	6.65925	5.77254	9.73118	5.64499	6.76025	5.36385	5.90238	5.87416	5.0195	5.63339	7.34596	7.83311	5.28806	6.76171	5.55339	4.91834	5.39373	6.3259	4.9676	4.93839	5.04337	5.7631	7.33584	6.25209	9.35175	5.18554	12.27853	8.36884	6.30627	6.31098	5.94472	5.14287	4.24326	1.88798	9.46031	4.77259	8.907	12.96125	3.39434	4.34232	6.76456	2.09241	3.19343	4.20563	3.921	4.45097	2.42898	7.43021	12.84252	2.71405	3.33148	4.93838	3.25844	4.50781	2.21605	6.08178	9.47302	10.63133	2.52618	3.45471	1.90976	2.43025	4.69629	2.78816	4.6769	4.87972	4.84119	2.85182	8.931	7.69776	3.75555	3.76419	6.61876	3.35026	3.57376	7.24304	3.15049	4.71224	3.07411	47.26008	4.94215	6.01064	3.36064	6.27552	4.23122	3.54258	3.92546	4.37071	3.04852	6.97544	3.28034	4.19565	5.31747	3.65507	5.99973	3.04991	4.30093	3.14737	5.8071	3.43811	3.53961	11.365	3.89802	3.15352	4.03953	7.41024	3.95316	3.81057	5.08099	6.11862	4.49878	4.69693	3.32594	6.3809	4.0469	3.32225	4.44995	7.0981	3.85319	3.27362	3.16258	3.38224	4.10979	6.26154	6.32711	5.55986	7.19232	3.65824	2.76194	5.93344	4.68246	6.86907	5.27581	6.50128	5.8972	5.94877	3.89602	4.16248	6.13319	3.44402	5.29075	8.51842	4.64003	3.44672	3.35907	3.68547	4.27078	4.28511	5.92051	3.37874	14.25619	4.10522	6.70185	3.39965	4.3068	4.56434	3.38391	4.45879	4.73865	6.50198	5.52334	3.62319	4.49647	42.99385	5.57516	5.81675	7.68453	3.35079	7.368	7.32254	5.78116	3.97757	5.42166	3.85652	6.49378	4.83688	4.77888	7.55047	4.1372	70.73905	5.06808	4.05908	9.70479	4.87645	6.40743	3.36651	4.41789	6.44468	65.39003	2.98286	4.9608	5.25735	4.80025	5.3027	5.61756	7.39547	4.65227	2.03859	5.12703	4.67617	5.87292	4.17228	3.59375	5.24615	3.70445	6.6708	5.84084	4.49823	3.0064	29.24426	2.77239	10.38121
P01579	1.21747	1.21747	1.21747	1.21747	1.21747	1.21747	1.21747	1.21747	1.21747	1.21747	1.21747	1.21747	1.21747	1.21747	1.21747	1.21747	1.21747	1.21747	1.21747	1.21747	1.21747	1.21747	1.21747	1.21747	1.21747	1.21747	1.21747	1.21747	1.21747	1.21747	1.21747	1.21747	1.21747	1.21747	1.21747	1.21747	1.21747	1.21747	1.21747	1.21747	1.21747	1.21747	1.21747	1.21747	1.21747	1.21747	1.21747	1.21747	1.21747	1.21747	1.21747	1.49444	1.21747	1.21747	1.21747	1.21747	1.21747	1.21747	1.21747	1.21747	1.21747	1.21747	1.21747	1.21747	1.21747	1.21747	1.21747	1.21747	1.52426	1.21747	1.21747	1.21747	1.21747	1.21747	1.21747	1.21747	1.21747	1.21747	1.21747	1.21747	1.21747	1.21747	1.21747	1.21747	1.21747	1.21747	1.21747	1.21747	1.21747	1.21747	0.4933	0.20115	0.78273	0.66541	0.8456	0.96964	0.20135	0.24309	0.587	0.20501	0.54647	0.17945	0.3238	0.64985	0.12617	0.33842	0.22916	0.1762	1.44988	0.22294	0.17322	1.12001	0.40387	0.24548	0.20334	1.14157	0.20616	0.18436	0.08554	0.16517	0.24747	0.19242	1.27253	1.39799	0.19114	0.42085	0.21899	0.36246	0.36428	0.54128	0.29805	0.06732	0.29197	1.14903	0.29422	0.45238	0.0636	0.91428	0.31422	2.65915	0.19934	0.94008	0.26146	0.0777	0.23768	0.49419	0.23642	0.6071	0.32203	0.29753	0.31697	0.35235	0.39176	0.1939	0.10451	0.33412	0.34091	0.09731	0.21448	0.21097	0.28514	0.28714	0.76937	0.51943	0.19572	0.17414	1.08358	0.14513	0.20123	1.95602	0.1831	1.10106	0.16966	0.21675	0.26009	1.46447	0.22524	0.16109	0.16512	0.36116	0.19608	11.7833	0.34518	0.19507	0.22064	0.15703	0.18774	0.56767	0.20504	0.15917	0.20429	0.16093	0.33195	0.38121	0.19176	1.76806	0.29844	0.17613	0.23572	0.64587	0.22498	0.42191	0.21474	0.13495	0.1431	0.37385	0.10038	0.21984	0.23055	0.25358	0.1586	0.17292	0.37016	0.44795	0.2295	0.3284	0.48958	0.32451	0.52345	0.24937	0.20536	0.14715	0.78775	0.28513	0.17709	0.31916	0.2416	0.35203	0.3301	0.41274	0.29214	0.13861	0.15374	0.18734	0.39263	0.4217	0.22712	0.32565	0.18947	0.09782	0.12558	0.3164	0.33931	0.22433	0.31711	0.30654	1.12149	0.09533	0.25696	0.51179	1.79186	3.12699	6.04481	0.91138	0.18485	0.04285	1.00201	0.32406	1.64869	0.26821	0.44843	4.10361	0.18173	0.50095	0.33304	0.47903	0.11521	0.36589	0.11307	0.23112
P39900	5.40944	5.49656	5.37838	5.12582	4.97509	5.34342	4.20552	5.10097	5.76737	5.39918	6.19151	4.54523	5.78652	7.12163	5.10587	5.23642	4.82824	5.60204	5.1783	4.41024	4.96235	4.84499	4.37405	5.1449	5.51945	6.74011	5.75203	5.27062	5.38899	4.87645	4.81759	4.9129	4.73143	4.54453	4.57006	5.10433	6.32257	4.87036	4.89547	5.00864	5.11631	4.77163	4.49312	8.5973	5.05668	5.41215	5.6259	4.70032	4.45163	5.51188	5.45962	6.48506	4.72193	4.48697	6.7696	4.98488	5.47737	4.78333	5.26847	5.50668	4.57615	5.67691	5.52303	4.93213	5.78973	5.94041	5.15577	5.80376	4.86398	5.71656	5.85165	4.48674	5.43601	5.29229	4.14532	5.29418	5.69802	4.63393	4.48753	5.24311	4.16604	5.01177	4.49465	4.78897	5.25876	5.40937	4.96134	5.26957	5.21411	5.60211	207.8169	196.03794	188.92157	232.14398	199.16297	171.59996	136.37056	202.16343	304.75467	141.65289	218.00764	215.36338	198.48599	213.28319	248.50766	136.32729	190.79014	130.99806	222.29396	231.16107	202.25149	213.78093	217.50722	255.56776	169.80558	207.10347	186.29201	190.03141	97.37101	217.11977	170.26424	137.6369	263.99227	205.14307	244.8588	149.73416	156.83118	309.66351	199.90291	218.05667	294.10689	178.2568	364.56817	281.6606	177.24628	193.72872	214.79535	279.97872	235.80924	191.46589	215.44883	168.42492	260.45651	252.91067	364.21272	296.84003	129.95428	364.97025	262.29127	268.27634	210.89867	143.75496	240.43946	131.36813	204.66975	170.88065	200.60332	271.87181	306.80106	222.93512	136.92536	136.3084	185.49255	209.00133	253.84979	127.11947	272.68206	299.80215	167.57395	205.62837	296.63499	301.59193	219.48123	361.78782	147.26716	474.00868	215.50419	218.21369	204.8846	214.82795	210.90983	172.1611	163.8724	504.91051	535.07885	167.18329	275.31938	249.57388	189.58698	331.63265	353.02359	441.20201	160.56877	282.22167	181.39957	210.14401	160.87305	356.44988	134.52278	492.88267	213.09177	240.90891	230.48533	128.93577	131.8724	211.22756	172.47127	256.33011	172.68987	306.91738	213.39737	172.51564	224.57439	198.43241	215.79195	245.94153	280.42106	398.55099	302.89112	223.04554	292.92401	228.57725	254.09009	199.11047	198.20467	335.29368	1650.39231	228.79471	230.30862	286.71877	228.27525	344.49214	293.48854	232.34805	205.25957	347.22083	228.41871	191.78959	258.18318	239.7947	223.43932	350.82534	279.79869	259.4186	392.89004	257.16132	268.45949	220.80572	238.30105	158.22654	132.35315	202.64162	398.36406	260.49105	216.36263	146.88873	343.8425	157.25794	280.98512	334.81825	132.23957	272.87741	117.09647	320.8684	265.96684	212.17657	252.21694	259.07008	273.91573	204.29188
P05112	0.00362	-0.13459	-0.13459	-0.13459	-0.13459	-0.13459	-0.13459	-0.13459	-0.13459	-0.13459	-0.13459	-0.13459	-0.13459	-0.13459	-0.13459	-0.13459	-0.13459	-0.06943	-0.13459	-0.13459	-0.13459	-0.13459	-0.13459	-0.13459	-0.13459	-0.13459	-0.13459	-0.13459	0.76098	-0.13459	-0.13459	-0.13459	-0.13459	-0.13459	-0.13459	-0.13459	-0.13459	-0.13459	-0.13459	-0.13459	-0.13459	-0.13459	-0.13459	-0.13459	-0.13459	-0.13459	-0.09706	-0.13459	-0.13459	-0.13459	0.06725	-0.13459	-0.13459	-0.13459	-0.13459	-0.13459	-0.13459	-0.13459	-0.13459	-0.13459	-0.13459	-0.13459	-0.13459	-0.13459	-0.13459	0.01535	-0.13459	-0.13459	-0.13459	-0.13459	0.3328	-0.13459	-0.13459	0.22401	-0.13459	-0.13459	-0.11511	-0.13459	-0.13459	-0.13459	-0.13459	-0.13459	-0.13459	-0.13459	-0.13459	-0.13459	-0.13459	-0.13459	-0.13459	0.17829	0.01279	0.01013	0.05645	0.01347	0.01214	0.01025	0.01857	0.0204	0.00908	0.00878	0.00847	0.00958	0.01085	0.00878	0.01531	0.00933	0.04845	0.00998	0.00915	0.00841	0.00915	0.00984	0.00889	0.00928	0.01193	0.00858	0.0088	0.0089	0.00772	0.00812	0.00908	0.00826	0.01045	0.00813	0.00811	0.01033	0.01103	0.00878	0.00883	0.00951	0.01233	0.03694	0.01261	0.01091	0.01155	0.0276	0.03707	0.01186	0.01761	0.01089	0.03225	0.01976	0.01077	0.02126	0.01094	0.01198	0.0104	0.01216	0.0111	0.02014	0.00974	0.01103	0.00981	0.01098	0.01166	0.01014	0.0099	0.01064	0.01448	0.01197	0.01522	0.0105	0.01085	0.01106	0.0162	0.0104	0.00981	0.00961	0.01447	0.01289	0.00985	0.00886	0.00958	0.00808	0.00918	0.00938	0.00954	0.00977	0.00885	0.01017	0.00941	0.01183	0.01055	0.00967	0.01048	0.00887	0.01099	0.00953	0.01012	0.00982	0.00809	0.00916	0.00921	0.00919	0.01588	0.00793	0.01601	0.00958	0.012	0.00978	0.00795	0.01005	0.0112	0.01086	0.01066	0.0094	0.01047	0.0265	0.00969	0.00993	0.00968	0.01434	0.01387	0.00947	0.0094	0.01013	0.02845	0.00929	0.02572	0.01503	0.01182	0.01057	0.01022	0.02108	0.01039	0.0101	0.01087	0.00972	0.01012	0.02121	0.00893	0.01728	0.00972	0.00926	0.00986	0.00942	0.03222	0.01062	0.01085	0.01005	0.01296	0.01023	0.01354	0.01404	0.01036	0.01539	0.04006	0.01566	0.00992	0.00877	0.01082	0.00956	0.04739	0.01202	0.01078	0.00859	0.00979	0.01134	0.00927	0.0228	0.0096	0.00934	0.00911	0.00931	0.00978	0.00917	0.03004	0.01045	0.00979	0.0118
P01375	1.40285	1.40285	1.40285	1.40285	1.40285	1.40285	1.40285	1.40285	1.40285	1.40285	1.40285	1.40285	1.40285	1.40285	1.40285	1.40285	1.40285	1.40285	1.40285	1.40285	1.40285	1.40285	1.40285	1.40285	1.40285	1.40285	1.40285	1.40285	1.40285	1.40285	1.40285	1.40285	1.40285	1.40285	1.40285	1.40285	1.40285	1.40285	1.40285	1.40285	1.40285	1.40285	1.40285	1.40285	1.40285	1.40285	1.40285	1.40285	1.40285	1.40285	1.40285	1.40285	1.40285	1.40285	1.40285	1.40285	1.40285	1.40285	1.40285	1.40285	1.40285	1.40285	1.40285	1.40285	1.40285	1.40285	1.40285	1.40285	1.40285	1.40285	1.40285	1.40285	1.40285	1.40285	1.40285	1.40285	1.40285	1.40285	1.40285	1.40285	1.40285	1.40285	1.40285	1.40285	1.40285	1.40285	1.40285	1.40285	1.40285	1.40285	10.27277	8.39145	9.7433	12.29142	13.1705	11.83915	12.58493	13.19111	19.48169	10.36973	10.28345	12.36533	12.89438	13.4392	8.45389	11.73248	15.1439	11.17957	14.5946	17.08512	12.33458	12.98282	9.28441	20.4005	11.95324	16.6219	8.13455	13.09262	5.02877	8.76891	14.10535	8.71331	16.72645	10.93922	17.36457	11.74671	10.29898	17.91939	13.35733	12.29683	18.89847	12.68201	13.83229	16.8363	13.07443	14.19294	11.17077	37.92179	15.0769	13.565	8.21729	13.99451	9.45688	13.65401	12.23777	14.95932	11.41718	21.06656	13.5788	10.7956	12.97784	10.9227	11.31701	9.3882	15.08747	12.24946	12.60116	10.26907	12.8126	17.55154	12.05938	10.28509	12.98343	21.69139	9.89646	12.0525	15.05131	17.64764	14.45634	10.86168	9.35467	18.24599	10.52097	10.49427	15.25481	12.26183	10.69821	9.13747	9.8238	8.30662	11.47848	14.37084	11.22453	12.71669	12.40219	8.9484	11.23753	14.02617	9.04162	18.809	9.66607	12.1052	11.94813	16.46408	11.16036	13.51228	10.63081	9.66749	11.17766	14.14579	8.33517	9.64429	9.5416	14.71402	16.51978	15.63013	11.39294	10.55859	16.62353	10.16799	14.0371	12.99086	15.72815	18.24091	12.24506	15.83651	11.1808	14.38995	14.04197	12.71678	13.28731	45.49323	18.52791	12.09978	16.39426	12.33266	11.11814	15.60257	12.33484	14.45711	19.20838	12.73239	15.97772	13.44135	16.47044	10.80229	13.00974	64.74067	14.75659	9.6517	13.24912	11.64243	17.64685	11.74223	12.7366	12.49845	34.5813	9.27874	12.60627	15.08707	12.26008	12.49381	17.61945	21.22806	10.83198	7.91482	15.35823	13.96962	11.7813	13.33774	12.0928	11.25939	12.59895	13.724	10.89623	12.20118	12.47627	23.31949	10.58457	11.60258
